Title	Author	Description	Published At	URL
Trudeau announces sharp cuts to Canada's immigration targets		"The government says it  ""didn't get the balance quite right"" when it bolstered immigration to address labour shortages."	2024-10-24T16:53:49Z	https://www.bbc.com/news/articles/cd7n3rqyjqzo
Justin Trudeau, a champion of immigration, says he overdid it and strained Canada's economy	Hannah Abraham	"Canada has announced cuts in the number of immigrants it allows into the country after Justin Trudeau said he ""didn't get the balance right."""	2024-10-25T13:34:27Z	https://www.businessinsider.com/justin-trudeau-champion-immigration-overdid-it-economy-housing-population-canada2024-10
Justin Trudeau Testifies That Russia Funded Tucker Carlson and Jordan Peterson in Support of Their Anti-Vax Covid Claims | Video			2024-10-19T22:26:27Z	https://consent.yahoo.com/v2/collectConsent?sessionId=1_cc-session_7b6a7f5b-50c3-41e6-a204-18061a424d2d
Canada expels India's top diplomat and alleges wider diplomatic involvement in crimes	The Associated Press	Canada expelled India’s top diplomat in the country and five others over last year's killing of a Sikh activist in British Columbia. India rejected the charges and said it would expel Canadian envoys.	2024-10-15T05:32:32Z	https://www.npr.org/2024/10/15/g-s1-28245/canada-expels-indias-top-diplomat-and-alleges-wider-diplomatic-involvement-in-crimes
How relations between India and Canada hit rock bottom		India and Canada expelled diplomats as tensions rose over last year's killing of a Sikh separatist in Canada.	2024-10-15T08:06:28Z	https://www.bbc.com/news/articles/c89lne2k87vo
Justin Trudeau is a nauseating hypocrite	Andrew Mitrovica	The prime minister won't let anyone get away with harming Canadian citizens (other than Israel).	2024-10-18T12:46:25Z	https://www.aljazeera.com/opinions/2024/10/18/justin-trudeau-is-a-nauseating-hypocrite
Canada-India dispute over assassination allegations could impact Modi's global ambitions	SHEIKH SAALIQ	A diplomatic row that has strained bilateral relations between India and Canada for over a year has boiled over as the countries expelled each other’s top...	2024-10-15T11:59:01Z	https://www.yahoo.com/news/india-canada-ties-were-already-115901937.html
TRUDEAU: Tucker Carlson funded by Russia...	Clayton DeMaine, True North Wire	"TRUDEAU: Tucker Carlson funded by Russia...

 
 
 
 (Third column, 1st story, link)

 

 

 
 Related stories:Trump says Ukraine's Zelensky should 'never have let that war start'...
New Putin health rumors sweep Russia...
High Ranking Military Commander…"	2024-10-17T21:58:38Z	https://tnc.news/2024/10/17/trudeau-accuses-peterson-carlson-funded-russia/
India made ‘horrific mistake’ violating Canadian sovereignty, says Trudeau	Al Jazeera	The new statement deepens row between India and Canada over New Delhi's alleged targeting of Sikh dissidents.	2024-10-16T19:26:41Z	https://www.aljazeera.com/news/2024/10/16/india-made-horrific-mistake-violating-canadian-sovereignty-says-trudeau
Canada and India expel top diplomats in growing rift	theweek.com	Canadian Prime Minister Justin Trudeau said there is 'clear and compelling evidence' of crimes	2024-10-15T15:17:16Z	https://biztoc.com/x/11d71c91399e8f9a
Biden to Apologize for 150-year Indian Boarding School Policy	GRAHAM LEE BREWER / AP	President Joe Biden is expected to formally apologize on Friday for the country’s role in the Indian boarding school system.	2024-10-24T19:53:21Z	https://time.com/7097414/joe-biden-apologize-indian-boarding-school-policy/
A defiant Trudeau says he's staying on as leader after caucus revolt		Prime Minister Justin Trudeau said Thursday he's staying on as leader even after 24 of his own MPs signed a letter calling for him to step down to try and save the party from electoral ruin.	2024-10-24T15:13:43Z	https://www.cbc.ca/news/politics/trudeau-staying-on-as-leader-1.7362000
India furious as diplomats declared ‘persons of interest’ in Canada probe	Al Jazeera	New Delhi says it rejects 'preposterous imputations', alleging they are part of Canada PM Trudeau's 'political agenda'.	2024-10-14T13:03:28Z	https://www.aljazeera.com/news/2024/10/14/india-furious-as-diplomats-declared-persons-of-interest-in-canada-probe
Trudeau says Canada and the U.S. will 'do good things together' with Trump in the White House		Prime Minister Justin Trudeau sounded an upbeat note Tuesday on the prospect of working with U.S. president-elect Donald Trump, saying Canada has dealt with his trade threats before and can do so again.	2024-11-12T19:31:01Z	https://www.cbc.ca/news/politics/trudeau-trump-do-good-things-together-1.7381237
India hits out at ‘cavalier’ Trudeau as rift with Canada deepens	Al Jazeera	Canadian PM said India made 'horrific mistake' by violating country's sovereignty as relations plunge to new low.	2024-10-17T07:46:10Z	https://www.aljazeera.com/news/2024/10/17/india-hits-out-at-cavalier-trudeau-as-rift-with-canada-deepens
Canada to reduce new immigration by 21 percent	Al Jazeera	The immigration controls will limit the country to 1.1 million newcomers over the next three years.	2024-10-24T16:31:17Z	https://www.aljazeera.com/news/2024/10/24/canada-to-reduce-new-immigration-by-21-percent
Trudeau Chides India’s ‘Horrific Mistake’ as Ties Worsen – Guardian	asiafinancial.com	"In some of his strongest statements yet on a worsening diplomatic row with India, Canadian prime minister Justin Trudeau said India made a “horrific mistake” by violating the country’s sovereignty, the Guardian reported.
Trudeau was speaking on the killing of…"	2024-10-18T13:44:06Z	https://biztoc.com/x/86ac20194134b67c
India’s alleged interference in Canada was ‘a horrific mistake,’ Trudeau says	Reuters	Canadian Prime Minister Justin Trudeau said Wednesday that India had made “a horrific mistake” by allegedly interfering in Canada’s sovereignty.	2024-10-17T07:26:13Z	https://www.nbcnews.com/news/world/indias-alleged-interference-canada-was-horrific-mistake-trudeau-says-rcna175863
Trudeau hopes a 'silent majority' is still willing to listen		He surely would reject any such comparison but, in a recent interview, Justin Trudeau briefly sounded just a little bit like Richard Nixon.	2024-11-02T08:00:00Z	https://www.cbc.ca/news/politics/trudeau-poilievre-election-1.7370930
Trudeau says he thinks about how angry messages affect his family		Prime Minister Justin Trudeau said in a recent podcast that he thinks about the angry messages some Canadians send his way and what impacts they — and his job overall —  will have on his children.	2024-10-27T19:40:12Z	https://www.cbc.ca/news/politics/trudeau-angry-messages-family-1.7365077
David Rosenberg: Tighter immigration targets could tip Bank of Canada rate below 2%	financialpost.com	"By David Rosenberg and Dylan Smith
The beleaguered Justin Trudeau government is finally pumping the brakes on its immigration targets after presiding over the biggest population inflow surge since the post-Second World War boom.
Compared to the prior aggressi…"	2024-11-05T16:04:35Z	https://biztoc.com/x/a44890476733a718
Some Liberal MPs are mounting a new effort to oust Justin Trudeau		Pressure is building on the prime minister and his office as a growing number of anxious Liberal MPs are coordinating efforts to force Justin Trudeau to step down as Liberal Party leader, multiple sources have told CBC News.	2024-10-12T00:00:53Z	https://www.cbc.ca/news/politics/oust-trudeau-document-1.7350967
Party colleagues want Trudeau to resign – media	RT	A group of MPs from Canada’s Liberal Party is seeking to oust Prime Minister Justin Trudeau from the post of party leader Read Full Article at RT.com	2024-10-17T17:47:28Z	https://www.rt.com/news/605875-trudeau-liberal-party-dissent/
Immigration minister calls attempt to oust PM 'passive-aggressive ... weak'		"Immigration Minister Marc Miller said efforts of Liberals to get the prime minister to step aside is ""the most passive-aggressive"" display of questioning leadership he has ever seen."	2024-10-18T20:16:27Z	https://www.cbc.ca/news/politics/miller-passive-aggressive-oust-trudeau-1.7356544
Liberal Party announces new national campaign directors		As questions swirl over how soon Canadians could go to the polls, the Liberal Party announced on Sunday the two people who will oversee its campaign for the next federal election.	2024-10-13T15:26:27Z	https://www.cbc.ca/news/politics/liberals-new-national-campaign-directors-1.7351483
India withdraws envoy, diplomats named 'persons of interest' in Canada probe		"India withdrew its envoy to Canada on Monday along with other officials and diplomats whom Ottawa named as ""persons of interest"" in a matter related to an investigation in the country, the Indian foreign ministry said."	2024-10-14T14:17:44Z	https://www.cbc.ca/news/politics/india-withdraws-envoy-diplomats-named-persons-of-interest-in-canada-probe-1.7351837
Liberal Party preparing to launch ad campaign to take on high-flying Poilievre		The Liberal Party is preparing to launch an ad campaign to fight back against the high-flying Conservatives and close a polling gap that suggests it's on track to lose big if an election is called soon.	2024-10-30T19:26:08Z	https://www.cbc.ca/news/politics/liberal-party-ad-campaign-1.7368291
Timeline of tensions: How India-Canada relations soured	Sarah Shamim	Tensions between the two countries were brewing long before the latest diplomatic spat.	2024-10-15T15:50:18Z	https://www.aljazeera.com/news/2024/10/15/timeline-of-tensions-india-canada-relations-under-trudeau
India-Canada diplomatic row reignites: What to know and what comes next	Al Jazeera Staff	Canada accuses Indian government agents of being involved in 'serious criminal activity', a claim India rejects.	2024-10-14T23:15:40Z	https://www.aljazeera.com/news/2024/10/14/india-canada-diplomatic-row-reignites-what-to-know-and-what-comes-next
The powerful Indian gangster pulling strings from behind bars		Once among India’s most wanted, Bishnoi has been in prison since 2015. But his influence endures.	2024-10-15T21:28:16Z	https://www.bbc.com/news/articles/c4gqyxwl27no
Top Trump White House pick has strong view on Canada's government. It's not flattering		Mike Waltz, the man reportedly tapped for the top international role inside the Trump White House isn’t just predicting the impending defeat of Canada’s Trudeau government: He’s celebrating it.	2024-11-01T08:11:21Z	https://www.cbc.ca/news/world/trump-security-adviser-canada-1.7380755
In shadow of Israel’s war on Gaza, Palestinian diaspora fights to be heard	Jillian Kestler-D'Amours	As Gaza war passes one-year mark, Palestinian Canadians are pushing back against hate and silencing of their community.	2024-10-14T13:12:57Z	https://www.aljazeera.com/news/longform/2024/10/14/in-shadow-of-israels-war-on-gaza-palestinian-diaspora-fights-to-be-heard
US charges Indian government employee in foiled Sikh separatist murder plot	Al Jazeera Staff	Case revolves around what the US says was an attempt to kill prominent Sikh separatist leader, Gurpatwant Singh Pannun.	2024-10-18T00:08:36Z	https://www.aljazeera.com/news/2024/10/18/us-charges-indian-government-employee-in-foiled-sikh-separatist-murder-plot
Canada reveals source for India allegations	RT	Canada may have received evidence from Five Eyes countries implicating India in the death of a Sikh separatist, PM Justin Trudeau has said Read Full Article at RT.com	2024-10-16T20:39:44Z	https://www.rt.com/india/605825-canada-india-five-eyes-intelligence/
Bloc Québécois leader has received security clearance, party confirms		Bloc Québécois Leader Yves-François Blanchet has received the necessary security clearance to review classified national security files, his party has told Radio-Canada.	2024-10-24T16:10:53Z	https://www.cbc.ca/news/politics/blanchet-poilievre-security-clearance-1.7362068
[Removed]		[Removed]	2024-10-22T22:09:30Z	https://removed.com
Former U.S. commerce secretary says he 'can't imagine' Trump would tax Canadian energy		Donald Trump's former commerce secretary says he 'can't imagine' the U.S. president-elect would want to tax Canadian energy, despite campaign promises about imposing a global tariff when he takes office in January.	2024-11-10T20:26:01Z	https://www.cbc.ca/news/politics/former-u-s-commerce-secretary-says-he-can-t-imagine-trump-would-tax-canadian-energy-1.7379880
Canada and India expel top diplomats in growing rift	theweekonlineeditors@futurenet.com (Peter Weber, The Week US)	Canadian Prime Minister Justin Trudeau said there is 'clear and compelling evidence' of crimes	2024-10-15T15:11:28Z	https://theweek.com/politics/canada-india-diplomats-expelled
India-Canada Diplomatic Tensions Spike Again Over Sikh Leader’s Killing—Here’s What To Know	"Siladitya Ray, Forbes Staff, 
 Siladitya Ray, Forbes Staff
 https://www.forbes.com/sites/siladityaray/"	The latest flare-up in diplomatic tensions comes a year after Ottawa accused New Delhi of being involved in the assassination of a Sikh separatist leader on Canadian soil.	2024-10-15T12:02:44Z	https://www.forbes.com/sites/siladityaray/2024/10/15/india-canada-diplomatic-tensions-spike-again-over-sikh-leaders-killing-heres-what-to-know/
John Horgan, former B.C. premier and Canada's ambassador to Germany, dead at 65		Former B.C. premier John Horgan has died at the age of 65, CBC News has confirmed. In June this year, Horgan told CBC that he had been diagnosed with cancer for the third time during a routine followup appointment for his previous throat cancer.	2024-11-12T20:02:05Z	https://www.cbc.ca/news/canada/british-columbia/john-horgan-dead-bc-premier-1.7381286
India criticizes Canada for linking minister to plots targeting Sikhs, calling allegation 'absurd'		"India has officially protested the Canadian government's allegation that the country's powerful Home Minister Amit Shah had ordered the targeting of Sikh activists inside Canada, calling it ""absurd and baseless."""	2024-11-02T14:42:38Z	https://www.cbc.ca/news/world/amit-shah-allegations-india-reaction-1.7371969
Justin Trudeau Wakes Up To The Consequences Of Immigration	John Loftus	Canadian Prime Minister Justin Trudeau announced a two-year reduction in immigration into Canada on Thursday.	2024-10-24T19:23:12Z	https://dailycaller.com/2024/10/24/justin-trudeau-canada-immigration-us-border-crisis-biden-harris/
After a week of jaw-dropping accusations, the quaint world of 2015 seems far away		The remarkable revelations and accusations of the past week — from the expulsion of six Indian diplomats on Monday to the prime minister’s challenge to the Conservatives at the foreign interference inquiry on Wednesday — underline how the world has become a m…	2024-10-19T08:00:00Z	https://www.cbc.ca/news/politics/foreign-interference-trudeau-poilievre-india-1.7356434
Theatre of the absurd: How Trudeau-backed Sikh separatist hijacked Canadian politics	RT	Support for the Khalistan movement at the heart of the India-Canada row mainly comes from Justin Trudeau’s own party, not Sikhs Read Full Article at RT.com	2024-10-25T19:43:45Z	https://www.rt.com/india/606408-khalistan-sword-trudeau-india/
Canada accuses India’s Amit Shah over campaign targeting Sikh separatists	Al Jazeera	Ottawa says the close ally of India's PM is involved in an intimidation campaign against Sikh separatists.	2024-10-30T09:26:38Z	https://www.aljazeera.com/news/2024/10/30/canada-accuses-indias-amit-shah-over-campaign-targeting-sikh-separatists
Federal byelection called in B.C.'s Cloverdale-Langley City riding		The prime minister has announced that a byelection will be held in the federal seat of Cloverdale-Langley City, in B.C.'s Lower Mainland, on Dec. 16.	2024-11-10T19:43:46Z	https://www.cbc.ca/news/canada/british-columbia/federal-byelection-cloverdale-langley-city-1.7379893
Canada's Trudeau tells India: 'This is unacceptable'	Deutsche Welle	"Prime Minister Justin Trudeau said police had ""clear and compelling evidence"" linking Indian government officials to crimes including a Sikh separatist's murder. Both countries sent diplomats home in the clash."	2024-10-14T22:30:00Z	https://www.dw.com/en/canadas-trudeau-tells-india-this-is-unacceptable/a-70490271
Trudeau’s party gives him deadline to step down – media	RT	The Canadian PM has been warned by his party’s MPs to resign by October 28 or face consequences Read Full Article at RT.com	2024-10-24T20:02:39Z	https://www.rt.com/news/606397-trudeaus-party-gives-him-deadline/
'Clear Indications' India Violated Canada's Sovereignty: Trudeau	AFP News	"Canada's Prime Minister Justin Trudeau said Wednesday there were ""clear indications"" that India had violated Canadian sovereignty, as the countries row over the killing of a Sikh separatist on Canadian soil last year that Ottawa blamed on New Delhi."	2024-10-16T17:21:13Z	https://www.ibtimes.com/clear-indications-india-violated-canadas-sovereignty-trudeau-3746929
Liberal MPs give Trudeau until Oct. 28 to step down or face potential action	Laura Harris	Liberal Party members have reportedly delivered a clear message to Prime Minister Justin Trudeau during a tense, three-and-a-half-hour caucus meeting on Oct. 23: resign as party leader on Oct. 28 or face potential action. Earlier this October, around 20 anxio…	2024-10-29T06:00:00Z	https://www.naturalnews.com/2024-10-29-liberal-mps-call-for-trudeau-to-resign.html
Concerns of 'hateful racism' after Ontario man's video of woman ranting about people from India goes viral		In 2023, Waterloo region had the highest rate of police-reported hate crimes across Canada, according to Statistics Canada. Now, a video circulating on social media appears to show a woman speaking out against people from India, driving that new data across t…	2024-10-18T08:00:00Z	https://www.cbc.ca/news/canada/kitchener-waterloo/waterloo-video-racially-charged-comments-1.7354996
Members of Justin Trudeau’s own party sign document calling for his resignation	Ava Grace	According to information obtained by CBC News, around 20 members of Canadian Prime Minister Justin Trudeau’s Liberal Party have signed a document calling on him to be removed as party leader and prime minister. This comes as pressure builds on Trudeau due to …	2024-10-24T06:00:00Z	https://www.naturalnews.com/2024-10-24-justin-trudeaus-party-sign-document-calling-resignation.html
Trudeau made sure relations with India ‘spiraling down’ – former envoy	RT	Indian envoy to Ottawa said Trudeau-led government charges against his country are “politically motivated” Read Full Article at RT.com	2024-10-21T19:21:57Z	https://www.rt.com/india/606051-trudeau-made-sure-relations-with/
Canadian PM Justin Trudeau Under Pressure To Resign From Members Of His Own Party	Mark Moore	"Trudeau says they are ""strong and united"" after a faction in the Liberal Party gave him a letter urging him to step down."	2024-10-24T12:14:59Z	https://www.ibtimes.com/justin-trudeau-liberal-party-members-urge-step-down-3748004
India Slams 'Cavalier' Trudeau In Sikh Separatist Murder Row	AFP News	"India slammed Canadian Prime Minister Justin Trudeau on Thursday as ""cavalier"" over his handling of the disastrous diplomatic fallout following the 2023 killing of a Sikh separatist in Canada."	2024-10-17T04:51:15Z	https://www.ibtimes.com/india-slams-cavalier-trudeau-sikh-separatist-murder-row-3747007
Trudeau Slams India As Tensions Soar Over Sikh Separatist's Murder	AFP News	"Canada's Prime Minister Justin Trudeau accused India Monday of making a ""fundamental error,"" as an escalating row over the killing of a Sikh separatist on Canadian soil last year saw both countries expel each other's ambassadors."	2024-10-15T03:47:27Z	https://www.ibtimes.com/trudeau-slams-india-tensions-soar-over-sikh-separatists-murder-3746692
Trudeau's Liberals are trying to save the Canadian consensus on immigration — and their legacy		Reports about the death of Canada’s immigration consensus arguably have been exaggerated. But there are warning signs — both for the public’s attitude toward immigration and for the Trudeau government’s legacy.	2024-10-26T08:00:00Z	https://www.cbc.ca/news/politics/immigration-liberals-miller-trudeau-1.7364302
Canada’s Dissenting Liberal MPs Seek to Topple Trudeau	Svetlana Ekimenko	Canada’s deeply unpopular Prime Prime Minister Justin Trudeau has faced pressure to step aside after his Liberals lost by-elections in Montreal and Toronto and amid dismal polls.	2024-10-13T08:45:52Z	https://sputnikglobe.com/20241013/canadas-dissenting-liberal-mps-seek-to-topple-trudeau---1120530480.html
Who is Vikash Yadav, Indian agent accused by US in Sikh assassination plot?	Al Jazeera Staff	A US indictment has named Yadav as the mastermind of the foiled plot to kill Sikh separatist Gurpatwant Singh Pannun.	2024-10-18T12:06:34Z	https://www.aljazeera.com/news/2024/10/18/who-is-vikash-yadav-indian-agent-accused-by-us-in-sikh-assassination-plot
Trudeau says India violated Canada's sovereignty	Deutsche Welle	"Canada's Prime Minister Justin Trudeau told a parliamentary inquiry he wasn't looking ""to provoke or create a fight with India,"" but said police and his government went public in a bid to halt ongoing violent acts."	2024-10-16T23:51:00Z	https://www.dw.com/en/trudeau-says-india-violated-canadas-sovereignty/a-70518641
Who is Lawrence Bishnoi, the gangster at the centre of India-Canada spat?	Yashraj Sharma	Canadian officials this week said Bishnoi's gang was targeting Sikh dissidents at the behest of the Indian government.	2024-10-16T08:21:15Z	https://www.aljazeera.com/news/2024/10/16/who-is-lawrence-bishnoi-the-gangster-at-the-centre-of-india-canada-spat
Air India serial bomb threats: Why is it significant amid Canada tensions?	Al Jazeera Staff	Several Indian carriers have been forced to divert flights or return to land following bomb threats this week.	2024-10-17T15:01:51Z	https://www.aljazeera.com/news/2024/10/17/air-india-serial-bomb-threats-why-is-it-significant-amid-canada-tensions
'Clear indications' India violated Canada's sovereignty: Trudeau		Canada's Prime Minister Justin Trudeau said Wednesday there were &quot;clear indications&quot; that India had violated Canadian sovereignty, as the countries row over the killing of a Sikh separatist on Canadian soil last year that Ottawa blamed on New Delhi.…	2024-10-16T21:32:47Z	https://japantoday.com/category/world/%27clear-indications%27-india-violated-canada%27s-sovereignty-trudeau
Tucker Calls Trump 'DADDY' In CREEPY Fantasy 'SPANKING' Rant	Cliff Schecter	"Tucker Carlson is one CREEPY MFer. And I mean creepy. Crazy. Bizarre.
During a speech at TPUSA, weirdo Carlson went on an unbelievably strange rant, quite disturbing actually. He talked about how ‘dad’ in his metaphor, Trump, represented a dad spanking a ‘bad…"	2024-10-26T12:00:26Z	https://crooksandliars.com/2024/10/tucker-carlson-calls-trump-daddy-creepy
The Anxiety Election		"I read an Economist editorial that highlighted Canadians' concerns about their economy, farm sector, immigration policy, and other things affected by Prime Minister Justin Trudeau's uber-progressive leadership. 

The piece suggested th..."	2024-10-26T04:00:00Z	https://www.americanthinker.com/articles/2024/10/the_anxiety_election.html
Border agency clears employee after Indian media reports link him with terrorism		A Canada Border Services Agency superintendent is speaking out after being targeted by the Indian government with allegations of murder and terrorism — allegations Canadian authorities say are not backed by any evidence.	2024-11-12T22:00:00Z	https://www.cbc.ca/news/politics/canada-border-india-sikh-modi-1.7380804
Canada dramatically cuts immigration targets for the next three years	Daily Hive	"Canada is cutting its immigration targets by at least 20 per cent for next year.
Prime Minister Justin Trudeau and Minister of Immigration, Refugees and Citizenship Marc Miller announced the changes in a live conference on Thursday morning.
""Canadians are j…"	2024-10-24T16:44:33Z	https://www.blogto.com/city/2024/10/canada-immigration-target-cuts-trudeau/
How Canada Soured on Justin Trudeau	Ian Bremmer	An anti-incumbent wave has hit leaders and parties in India, South Africa, France, and Britain this year. It may soon be Canada's turn.	2024-10-25T17:00:00Z	https://time.com/7098632/canada-trudeau-popularity-election/
India slams Trudeau government over ‘smearing’ it for ‘political gain’	RT	New Delhi has responded to Canada’s linking of its diplomats to the killing of a Sikh separatist leader Read Full Article at RT.com	2024-10-14T13:28:01Z	https://www.rt.com/india/605695-canada-harboring-sikh-extremists/
Trudeau accuses India of supporting criminal activities in Canada	RT	Ottawa and New Delhi expelled each other’s diplomats on Monday amid a diplomatic row over the murder of a Sikh activist Read Full Article at RT.com	2024-10-15T06:52:38Z	https://www.rt.com/india/605730-trudeau-accuses-india-crime/
New Delhi slams Trudeau for damaging bilateral ties	RT	A row has erupted between New Delhi and Ottawa over allegations linking Indian agents to an assassination of a Sikh activist Read Full Article at RT.com	2024-10-17T15:56:46Z	https://www.rt.com/india/605872-india-canada-khalistan-ties/
Canadian opposition party says it wants to topple Trudeau's government in Parliament		A Quebec nationalist party said Tuesday it will work with other opposition parties in Canada's Parliament to topple Prime Minister Justin Trudeau' s minority government.  Trudeau’s Liberals have only 153 seats in the 338-seat House of Commons and must rely on…	2024-10-29T21:40:26Z	https://japantoday.com/category/world/opposition-party-says-it-wants-to-topple-trudeau%27s-government-in-canada%27s-parliament
India calls out Canada’s ‘hypocrisy’ towards freedom of speech	RT	New Delhi condemned Canada’s “hypocrisy” amid diplomatic row over Sikh separatists Read Full Article at RT.com	2024-11-07T19:02:42Z	https://www.rt.com/india/607313-india-calls-out-canada-hypocrisy/
Russia-Ukraine war: List of key events, day 980	Al Jazeera	As the war enters its 980th day, these are the main developments.	2024-11-01T04:38:19Z	https://www.aljazeera.com/news/2024/11/1/russia-ukraine-war-list-of-key-events-day-980
India slams 'cavalier' Trudeau in Sikh separatist murder row	Agence France-Presse	"India slammed Canadian Prime Minister Justin Trudeau on Thursday as ""cavalier"" over his handling of the disastrous diplomatic fallout following the 2023 killing of a Sikh separatist in Canada.New Delhi held firm its defiant stance towards Ottawa -- an approac…"	2024-10-17T10:18:28Z	https://www.rawstory.com/india-slams-cavalier-trudeau-in-sikh-separatist-row/
Unhappy Canada legislators vent frustration in meeting with Trudeau		Unhappy legislators from Canada's ruling Liberals on Wednesday vented their frustration in a closed-door meeting with Prime Minister Justin Trudeau, who they blame for the party's poor poll showing, participants said. While Trudeau is in no immediate danger, …	2024-10-23T21:34:51Z	https://japantoday.com/category/world/unhappy-canada-legislators-vent-frustration-in-meeting-with-pm-trudeau
Tucker Carlson Funded by Russia's RT, Justin Trudeau Says	Alia Shoaib	The Canadian prime minister said under oath that the conservative pundit is funded by a Russian state-owned media outlet.	2024-10-18T09:24:47Z	https://www.newsweek.com/tucker-carlson-russia-justin-trudeau-1971060
Justin Trudeau Testifies That Russia Funded Tucker Carlson and Jordan Peterson in Support of Their Anti-Vax Covid Claims | Video	Stephanie Kaloi	"The Canadian prime minister made the allegations under oath at the nation’s Foreign Interference Commission
The post Justin Trudeau Testifies That Russia Funded Tucker Carlson and Jordan Peterson in Support of Their Anti-Vax Covid Claims | Video appeared firs…"	2024-10-19T22:26:27Z	https://www.thewrap.com/justin-trudeau-testifies-that-russia-funded-tucker-carlson-and-jordan-peterson-in-support-of-their-anti-vax-covid-claims-video/
Trudeau will never talk about the real foreign meddling in Canadian politics	RT	The prime minister sees interference from abroad everywhere, except right under his own nose – or rather, at his back Read Full Article at RT.com	2024-10-18T19:21:19Z	https://www.rt.com/news/605911-trudeau-tucker-carlson-russia-funded/
India expels six Canadian diplomats	RT	Canada has accused Indian officials of being connected with the murder of a Sikh separatist Read Full Article at RT.com	2024-10-14T18:32:22Z	https://www.rt.com/india/605714-india-expels-six-canadian-diplomats/
Prime Minister Justin Trudeau speaks with President of Ukraine Volodymyr Zelenskyy	John Pike	Today, Prime Minister Justin Trudeau spoke with the President of Ukraine, Volodymyr Zelenskyy.	2024-11-05T08:10:23Z	https://www.globalsecurity.org/wmd/library/news/ukraine/2024/11/ukraine-241104-canadapm01.htm
Trudeau slams India as tensions soar over Sikh separatist's murder		"OTTAWA: Canada's Prime Minister Justin Trudeau accused India on Monday (Oct 14) of making a ""fundamental error"", as an escalating row over the killing of a Sikh separatist on Canadian soil last year saw both countries expel each other's ambassadors. A grave T…"	2024-10-15T05:19:06Z	https://www.channelnewsasia.com/asia/justin-trudeau-slams-india-tensions-soar-sikh-separatist-murder-4679046
Canadian government speaking with allies about Palestinian statehood recognition, official tells MPs		Ottawa has been speaking with like-minded countries about recognizing a Palestinian state, a government official told a committee of parliamentarians studying the quickest path toward such a declaration Thursday afternoon.	2024-11-08T09:00:00Z	https://www.cbc.ca/news/politics/canadian-government-speaking-with-allies-about-palestinian-statehood-recognition-official-tells-mps-1.7377712
Why Trudeau and Harris face similar troubles with voters		Voters are frustrated on both sides of the border, as Canada's prime minister faces the threat of a snap election.	2024-11-04T14:38:21Z	https://www.bbc.com/news/articles/cjw03yjjqdwo
Why India and Canada have expelled each other's top diplomats	Ahmad Mukhtar, Arshad R. Zargar	The brazen June 2023 assassination of a Sikh activist in Canada sparked a diplomatic row with India that continues to escalate.	2024-10-15T15:18:19Z	https://www.cbsnews.com/news/canada-india-diplomatic-row-sikh-activist-nijjar-assassination-diplomats-expelled/
Trudeau has wrecked Canada-India political relations, says expelled envoy (David Ljunggren/Reuters)		"David Ljunggren / Reuters:
Trudeau has wrecked Canada-India political relations, says expelled envoy  —  India's envoy to Canada, who is being expelled over what Ottawa says are links to the murder of a Sikh leader, insisted in an interview he was innocent an…"	2024-10-20T17:15:01Z	https://www.memeorandum.com/241020/p32
Members of Justin Trudeau's Own Party Ask Him Not to Run for Another Term	Rachel Dobkin	Over two dozen members of Canada's Liberal Party reportedly asked Prime Minister Trudeau on Wednesday not to run for another term.	2024-10-23T21:49:58Z	https://www.newsweek.com/justin-trudeau-liberal-party-letter-1973952
US Says India Has Removed Alleged Agent In Assassination Plot	Shaun TANDON	The United States said Wednesday it had been informed by India that an intelligence operative accused of directing an assassination plot on US soil is no longer in government service.	2024-10-16T21:36:14Z	https://www.ibtimes.com/us-says-india-has-removed-alleged-agent-assassination-plot-3746952
Sikh group offers $500K bounty for Indian diplomat	RT	New Delhi has announced the withdrawal of its diplomats from Ottawa amid an escalating row over targeting Sikh separatists in Canada Read Full Article at RT.com	2024-10-15T17:14:46Z	https://www.rt.com/india/605765-sikh-bounty-indian-diplomat/
Liberal Discontents Look to Topple Trudeau, Canadian Reports Say	Thomas Seal	(Bloomberg) -- A group of lawmakers within Canadian Prime Minister Justin Trudeau’s governing Liberal Party is organizing to pressure him to step down...	2024-10-12T16:17:07Z	https://www.yahoo.com/news/liberal-discontents-look-topple-trudeau-161707865.html
Jewish school in Canada hit by gunfire for second time	Agence France-Presse	A Jewish school in Toronto was hit by gunfire Saturday for the second time this year, police said, as Canada sees a rise in anti-Semitic attacks since the start of the war in Gaza.No one was injured after shots were fired from a vehicle at around 4 am (0800 G…	2024-10-14T10:32:21Z	https://www.rawstory.com/jewish-school-in-canada-hit-by-gunfire-for-second-time/
Statement by the Prime Minister on the result of the United States presidential election	John Pike	The Prime Minister, Justin Trudeau, today issued the following statement on the result of the United States presidential election:	2024-11-07T05:30:15Z	https://www.globalsecurity.org/military/library/news/2024/11/mil-241106-canadapm01.htm
Canadian Prime Minister Reacts To Arshdeep Bains' First Goal With Canucks	The Hockey News - Vancouver Canucks	Canadian Prime Minister Justin Trudeau shared his thoughts on Vancouver Canucks Arshdeep Bains' first career goal.	2024-10-27T20:06:25Z	https://sports.yahoo.com/canadian-prime-minister-reacts-arshdeep-200625365.html
Canada to reduce immigration targets as Trudeau acknowledges his policy failed	ROB GILLIES	Canadian Prime Minister Justin Trudeau said Thursday that the country will significantly reduce the number of new immigrants it allows into the country after...	2024-10-24T16:53:02Z	https://www.yahoo.com/news/canada-reduce-immigration-targets-trudeau-165302728.html
Canadian Cabinet voices support for Trudeau as some Liberals prepare to confront him	The Associated Press	Canada's deputy prime minister said she believes Justin Trudeau has the support of a majority of Liberals in Parliament as some prepare to confront him Wednesday in the hopes of convincing him to step down.	2024-10-23T07:35:14Z	https://www.npr.org/2024/10/23/g-s1-29452/canada-cabinet-trudeau-liberals
Canada's Trudeau revives cabinet-level panel to address concerns about a Trump presidency		Canadian Prime Minister Justin Trudeau said Thursday he is re-establishing a special cabinet committee on Canada-U.S. relations to address his administration's concerns about another Donald Trump presidency. Deputy Prime Minister Chrystia Freeland, who is als…	2024-11-07T21:37:14Z	https://japantoday.com/category/world/canada%27s-trudeau-revives-a-cabinet-level-panel-to-address-concerns-about-a-trump-presidency
How Canada soured on immigration	Nadine Yousif and Jessica Murphy - BBC News, Toronto	Canada is one of the world's most welcoming countries. So why is it now scaling back immigration?	2024-10-25T23:35:47Z	https://www.bbc.com/news/articles/cp9z5rpgkyeo?xtor=AL-72-%5Bpartner%5D-%5Byahoo.north.america%5D-%5Bheadline%5D-%5Bnews%5D-%5Bbizdev%5D-%5Bisapi%5D
Trudeau slams India as tensions soar over Sikh separatist's murder	hurriyetdailynews.com	"Canada's Prime Minister Justin Trudeau accused India Monday of making a ""fundamental error,"" as an escalating row over the killing of a Sikh separatist on Canadian soil last year saw both countries expel each other's ambassadors."	2024-10-15T06:14:20Z	https://www.hurriyetdailynews.com/trudeau-slams-india-as-tensions-soar-over-sikh-separatists-murder-201557
Free speech for terrorists: How Canada shields dangerous extremists	RT	As long as Trudeau is in power, India-Canada relations cannot be repaired, former Indian Foreign Secretary Kanwal Sibal argues Read Full Article at RT.com	2024-10-22T19:07:24Z	https://www.rt.com/india/606045-india-canada-rift-western-double-standards/
Jewish School In Canada Hit By Gunfire For Second Time	AFP News	A Jewish school in Toronto was hit by gunfire Saturday for the second time this year, police said, as Canada sees a rise in anti-Semitic attacks since the start of the war in Gaza.	2024-10-12T23:01:16Z	https://www.ibtimes.com/jewish-school-toronto-gunfire-3746512
Why Stephen Harper and Justin Trudeau have taken the same tepid approach to global affairs	Adam Chapnick, Professor of Defence Studies, Royal Military College of Canada, Asa McKercher, Hudson Chair in Canada-US Relations, St. Francis Xavier University	There have been major similarities between Justin Trudeau’s approach to foreign policy and Stephen Harper’s. But Canadian governments have limited flexibility in how they manage external affairs.	2024-10-21T18:28:03Z	https://theconversation.com/why-stephen-harper-and-justin-trudeau-have-taken-the-same-tepid-approach-to-global-affairs-241339
Canada Slashes Immigration As Public Concern Rises	AFP News	"Canada said Thursday it was significantly curbing immigration targets in an effort to ""pause"" population growth, a shift that comes as public support for immigration declines."	2024-10-24T18:21:18Z	https://www.ibtimes.com/canada-slashes-immigration-public-concern-rises-3748062
India and Canada expel diplomats amid murder row	theweekonlineeditorsuk@futurenet.com (Arion McNicoll, The Week UK)	New Delhi denies allegations linking Indian intelligence services to assassination of Sikh separatist last year	2024-10-15T10:20:23Z	https://theweek.com/politics/india-and-canada-expel-diplomats-amid-murder-row
India sends team to US to probe Sikh activist murder plot	RT	New Delhi has set up a special panel after a US court indictment alleging Indian involvement in an assassination attempt in New York Read Full Article at RT.com	2024-10-15T11:50:43Z	https://www.rt.com/india/605745-india-probe-us-sikh-activist-murder/
New Delhi rejects Ottawa’s ‘absurd’ claims regarding its home minster	RT	New Delhi has reacted to Ottawa’s latest allegations against its home minister Read Full Article at RT.com	2024-11-02T14:26:13Z	https://www.rt.com/india/606915-new-delhi-rejects-ottawas-absurd/
Canada Scales Back Immigration Targets, Trudeau Admits Policy Failed	Rachel Dobkin	The prime minister said Thursday that next year's immigration target changed to 395,000 people, far less than the initial number.	2024-10-24T21:33:16Z	https://www.newsweek.com/justin-trudeau-canada-scales-back-immigration-1974635
Canada would have to double defense spending by 2032-33 to meet NATO target, watchdog says		Canada would have to double current defense spending by fiscal 2032-33 to achieve its stated goal of meeting NATO targets, an increase that could violate fiscal anchors put in place last year to control expenditures, a parliamentary watchdog said on Wednesday…	2024-10-30T21:27:08Z	https://japantoday.com/category/world/canada-would-have-to-double-defense-spending-by-2032-33-to-meet-nato-target-watchdog-says
India protests Canada's allegation its home minister ordered targeting of Sikh activists in Canada		India officially protested on Saturday the Canadian government’s allegation that the country’s powerful home minister Amit Shah had ordered the targeting of Sikh activists inside Canada, calling it “absurd and baseless.” Relations between the two countries so…	2024-11-02T21:14:19Z	https://japantoday.com/category/world/india-protests-ottawa%27s-allegation-its-home-minister-ordered-sikh-activists-targeted-in-canada
Canada to cut immigration to ease housing, social services strain		Canada went too far in its response to a labor shortage following the pandemic, Prime Minister Justin Trudeau said on Thursday as his government unveiled a plan to slash the number of immigrants to ease pressure on housing and social services. While Canada ha…	2024-10-24T21:29:16Z	https://japantoday.com/category/world/canada-to-cut-immigration-to-ease-housing-social-services-strain
Canadian officials admit to leaking intel on India’s alleged role in Sikh activist murder to US media	RT	Canada alleged that India’s home minister ordered an attack against a Sikh activist, which New Delhi has denied Read Full Article at RT.com	2024-10-30T11:04:34Z	https://www.rt.com/india/606731-canadian-officials-admit-to-leaking/
'We will not allow others to determine our fate': Pacific nations dial up pressure on Australia's fossil fuel exports	Liam Moore	"Tuvalu's Prime Minister Feleti Teo took to a stage in Apia, Samoa, on Thursday morning to say something pointed. Planned fossil fuel expansions in nations such as Australia represented, for his nation, a ""death sentence."" The phrase ""death sentence,"" Teo said…"	2024-10-24T17:20:01Z	https://phys.org/news/2024-10-fate-pacific-nations-dial-pressure.html
Chinese attackers accessed Canadian government networks – for five years	Laura Dobberstein	India makes it onto list of likely threats for the first time A report by Canada's Communications Security Establishment (CSE) revealed that state-backed actors have collected valuable information from government networks for five years.…	2024-10-31T05:34:23Z	https://www.theregister.com/2024/10/31/canada_cybersec_threats/
Some Liberal lawmakers ask Canadian Prime Minister Justin Trudeau not to run for a fourth term			2024-10-23T18:46:23Z	https://consent.yahoo.com/v2/collectConsent?sessionId=1_cc-session_2ef5528e-6331-4d16-9894-e919c5796cdf
Canada's carbon tax in the crosshairs	theweekonlineeditorsuk@futurenet.com (Harriet Marsden, The Week UK)	PM Justin Trudeau's flagship green policy has become increasingly unpopular as citizens grapple with high inflation and cost-of-living crisis	2024-10-14T07:12:27Z	https://theweek.com/environment/canadas-carbon-tax-in-the-crosshairs
India Made 'Horrific Mistake' With Alleged Interference in Canada: Trudeau	Rachel Dobkin	"The Canadian prime minister criticized India Wednesday over its alleged interference in the ""safety and sovereignty of Canada."""	2024-10-16T22:50:42Z	https://www.newsweek.com/canada-india-justin-trudeau-testimony-diplomats-expelled-1970302
Jewish Girls School in Canada Raked by Gunfire on Yom Kippur: Second Attack in Five Months	Simon Kent, Simon Kent	"An Orthodox Jewish girls school in Toronto, Canada, was raked by gunfire early Saturday morning for the second time in five months.
The post Jewish Girls School in Canada Raked by Gunfire on Yom Kippur: Second Attack in Five Months appeared first on Breitbart."	2024-10-13T09:31:28Z	https://www.breitbart.com/europe/2024/10/13/jewish-girls-school-in-canada-raked-by-gunfire-for-second-time/
Threats against Canadian Sikhs have gotten so bad the New York Times wrote about it	Daily Hive	"Incidents of violence against the Canadian Sikh community amid diplomatic tensions between Canada and India are receiving international media attention.
Most recently, The New York Times published an article titled ""Violence and Threats: How a Campaign of Fe…"	2024-10-25T19:12:32Z	https://www.blogto.com/city/2024/10/threats-against-canadian-sikhs-new-york-times/
‘Most deeply disturbing’: Congressman warns China likely ‘grooming’ Tim Walz	Andrew Powell	U.S. Rep. Eric Burlinson, R-Mo., has slammed the Harris/Walz campaign for being more left-wing than Canadian Prime Minister Justin Trudeau, and suggested Walz was groomed by the People's Republic of China during his tenure as a teacher.	2024-10-25T19:26:05Z	https://www.wnd.com/2024/10/most-deeply-disturbing-congressman-warns-china-likely-grooming-tim-walz/
How Canada soured on immigration		Canada is one of the world's most welcoming countries but is now scaling back immigration	2024-10-25T22:38:47Z	https://www.bbc.com/news/articles/cp9z5rpgkyeo
Angry India recalls envoy over 'preposterous' Canada investigation	Meryl Sebastian - BBC News	"India said its diplomats were named as ""persons of interest"" in a criminal investigation in Canada."	2024-10-14T15:11:58Z	https://www.bbc.com/news/articles/clyle3py4nko?xtor=AL-72-%5Bpartner%5D-%5Byahoo.north.america%5D-%5Bheadline%5D-%5Bnews%5D-%5Bbizdev%5D-%5Bisapi%5D
Trudeau—Not Trump—Is the Greatest Threat to NATO | Opinion		The threat to the stability and security of NATO is not what may happen in Washington this November. It's what's happening in Ottawa today.	2024-10-21T16:43:20Z	https://www.newsweek.com/trudeaunot-trump-greatest-threat-nato-opinion-1972393
Trudeau Announces Canada Limiting Immigration After Letting In Too Many People	Mary Chastain	"“In the tumultuous times as we emerged from the pandemic, between addressing labor needs and maintaining population growth, we didn't get the balance right.""
The post Trudeau Announces Canada Limiting Immigration After Letting In Too Many People first appeare…"	2024-10-24T18:44:07Z	https://legalinsurrection.com/2024/10/trudeau-announces-canada-limiting-immigration-after-letting-in-too-many-people/
Canada slashes immigration as public concern rises		"OTTAWA: Canada said Thursday (Oct 24) it was significantly curbing immigration targets in an effort to ""pause"" population growth, a shift that comes as public support for immigration declines. This ma"	2024-10-24T19:26:43Z	https://www.channelnewsasia.com/world/canada-slashes-immigration-public-concern-rises-4701031
Articles On: Justin Trudeau, Georgiann Democracy, Asia’s Internet, Antisemitic Disinformation, Propaganda, and Apple	October 20, 2024	The Chinese Communist Party wages a series of foreign interference and coercion campaigns and this section provides articles and reports explaining those actions, as well as the damage they do abroad.	2024-10-20T00:00:00Z	https://www.hoover.org/research/articles-justin-trudeau-georgiann-democracy-asias-internet-antisemitic-disinformation
Canada's Trudeau vows to lead his Liberal Party into the next election	ROB GILLIES Associated Press	Prime Minister Justin Trudeau says he will lead his Liberal Party into the next election, dismissing a request by some party members to not run for a fourth term	2024-10-24T21:50:25Z	https://abcnews.go.com/International/wireStory/canadas-trudeau-vows-lead-liberal-party-election-115110042
Justin Trudeau Has a Big Political Problem: Justin Trudeau	wsj.com	The Canadian leader gave his country’s politics a makeover in the past decade. Now, many Canadians want a new look.	2024-10-19T09:36:20Z	https://biztoc.com/x/a750de58b2dbc59e
India Recalls Ambassador, Other Diplomats From Canada Over Safety Fears	Sputnik International	NEW DELHI (Sputnik) - India recalls its ambassador to Canada, Sanjay Kumar Verma, and a number of other diplomats due to concerns for their safety, the country's Ministry of Foreign Affairs said on Monday.	2024-10-14T17:37:36Z	https://sputnikglobe.com/20241014/india-recalls-ambassador-other-diplomats-from-canada-over-safety-fears-1120550034.html
Former B.C. premier Christy Clark interested in replacing Trudeau if PM steps down		As Prime Minister Justin Trudeau faces a rebellion from his own MPs in caucus this week, former B.C. premier Christy Clark is suggesting she would be interested in replacing him, should Trudeau decide to step down.	2024-10-21T08:00:00Z	https://www.cbc.ca/news/politics/christy-clark-justin-trudeau-step-down-1.7357740
US Charges Indian Agent Over Alleged Plot To Kill Sikh Separatist	AFP News	An Indian government employee has been indicted for his role in a foiled plot to kill a Sikh separatist leader in the United States, the Justice Department said Thursday.	2024-10-17T22:27:17Z	https://www.ibtimes.com/us-charges-indian-agent-over-alleged-plot-kill-sikh-separatist-3747136
Liberal backbencher calls on Justin Trudeau to resign as Liberal leader		A Liberal backbencher is publicly calling on Prime Minister Justin Trudeau to step down as party leader as other MPs co-ordinate their efforts to force him out.	2024-10-15T21:00:00Z	https://www.cbc.ca/news/politics/liberal-mp-calls-on-trudeau-to-step-down-1.7352711
Canadian Cabinet voices support for Trudeau as some Liberals prepare to confront him	ROB GILLIES Associated Press	Canada’s deputy prime minister says he believes Justin Trudeau has the support of the majority of Liberals in Parliament as some prepare to confront him Wednesday in the hopes of convincing him to step down	2024-10-22T23:34:16Z	https://abcnews.go.com/International/wireStory/canadian-cabinet-voices-support-trudeau-liberals-prepare-confront-115045512
How do Indians view diplomatic tensions with Canada?	Murali Krishnan	Ties between India and Canada have hit a new low with both countries expelling each other’s top diplomats. Indian foreign policy experts say relations will only get worse before they improve.	2024-10-15T15:11:00Z	https://www.dw.com/en/how-do-indians-view-diplomatic-tensions-with-canada/a-70505429
Trudeau says police went public with Indian diplomat allegations to prevent further violence	ROB GILLIES Associated Press	Prime Minister Justin Trudeau says Canada’s national police force went public with its allegations against Indian diplomats this week because it had to disrupt drive-by-shootings, violent extortions and even murder	2024-10-16T19:42:34Z	https://abcnews.go.com/International/wireStory/trudeau-police-public-indian-diplomat-allegations-prevent-violence-114868762
Trudeau says he has list of Tories vulnerable to, or engaged in foreign interference	The Canadian Press	OTTAWA — Conservative Leader Pierre Poilievre has refused to get the security clearance necessary to be briefed on a list of people in his party involved in, or vulnerable to, foreign interference, Prime Minister Justin Trudeau told a federal commission of in…	2024-10-16T17:10:07Z	https://ca.news.yahoo.com/trudeau-testify-foreign-interference-inquiry-080017756.html
Deepening Canada-India standoff seen as a short-term boost for Modi, Trudeau		The prime ministers of India and Canada could benefit politically in the short term from the unprecedented expulsion of top diplomats from each country, analysts said on Tuesday. Canada kicked out six Indian diplomats on Monday, linking them to the murder of …	2024-10-15T21:41:10Z	https://japantoday.com/category/world/deepening-canada-india-standoff-seen-as-a-short-term-boost-for-modi-trudeau
US charges former Indian spy over plot to kill Sikh separatist	RT	The FBI has issued a lookout notice for a former Indian agent amid a feud between New Delhi and Canada  Read Full Article at RT.com	2024-10-19T09:31:27Z	https://www.rt.com/india/605949-us-charges-former-indian-spy/
How the India-Canada fallout could affect trade and immigration		The stakes for both countries is high as the rift over allegations that India ran a campaign to intimidate Sikh separatists in Canada deepens.	2024-10-17T20:07:39Z	https://www.bbc.com/news/articles/c5y9v7ed7pko
Trudeau says some opposition Canada MPs could be involved in foreign interference	Reuters	Canadian Prime Minister Justin Trudeau said on Wednesday some members of the official opposition Conservative Party could be involved in foreign interference and alleged the party was not taking the matter seriously. Trudeau made his remarks to an independent…	2024-10-16T17:11:13Z	https://consent.yahoo.com/v2/collectConsent?sessionId=1_cc-session_2ecb4f60-623b-4813-8d80-ade75d489ca4
Five key takeaways from Prime Minister Justin Trudeau's testimony on foreign interference		Prime Minister Justin Trudeau testified at the public inquiry into foreign interference on Wednesday, shedding new light on what he knew about foreign attempts to meddle in Canadian politics and what led to his explosive claim in the House of Commons that Ind…	2024-10-16T23:32:46Z	https://www.cbc.ca/news/politics/trudeau-foreign-interference-1.7354252
Here's what Liberal MPs are saying ahead of an expected push to oust Trudeau		As rumours swirl around Parliament Hill about efforts within the Liberal caucus to urge Justin Trudeau to resign as party leader, Liberal MPs are saying publicly that it's still an internal matter for the party.	2024-10-21T22:50:28Z	https://www.cbc.ca/news/politics/trudeau-liberal-party-leadership-1.7358839
Conservative MP Michael Chong calls PM's foreign interference testimony 'highly irresponsible'		"Conservative MP Michael Chong has accused Prime Minister Justin Trudeau of using his testimony on foreign interference as a ""smear platform"" targeting the Official Opposition."	2024-10-17T21:56:16Z	https://www.cbc.ca/news/politics/chong-trudeau-testimony-foreign-interference-1.7355391
Trudeau to testify as foreign interference inquiry wraps latest phase of its work		Prime Minister Justin Trudeau is slated to testify today as a federal inquiry into foreign interference finishes the latest phase of its work.	2024-10-16T11:26:52Z	https://www.cbc.ca/news/politics/trudeau-testify-foreign-interference-inquiry-1.7353342
4 more Trudeau cabinet ministers won't seek re-election: sources		Four more federal cabinet ministers will not run for re-election, Radio-Canada has learned, meaning Prime Minister Justin Trudeau will reshuffle his cabinet at a time when his leadership is increasingly fragile.	2024-10-17T14:50:03Z	https://www.cbc.ca/news/politics/trudeau-cabinet-ministers-1.7354626
Immigration minister calls efforts to oust Trudeau 'garbage'		"Immigration Minister Marc Miller today called efforts by disaffected Liberal MPs to oust Prime Minister Justin Trudeau ""garbage"" and said it would be better for the team to pull together to take on their main opponent: Conservative Leader Pierre Poilievre."	2024-10-22T16:03:03Z	https://www.cbc.ca/news/politics/oust-trudeau-caucus-meeting-1.7359464
Trudeau, stricken by Samson syndrome: How far is a leader willing to go to save his stint in office?		Canadian Prime Minister Justin Trudeau has created tension with India by accusing its government of involvement in the assassination of Khalistan Tiger Force member Hardeep Singh Nijjar. Trudeau based his claim on intelligence rather than concrete evidence, p…	2024-10-17T17:20:04Z	https://m.economictimes.com/opinion/et-editorial/trudeau-stricken-by-samson-syndrome-how-far-is-a-leader-willing-to-go-to-save-his-stint-in-office/articleshow/114325188.cms
Why won't Trudeau release classified names — and why won't Poilievre get a security clearance?		Prime Minister Justin Trudeau made waves Wednesday by turning what started as an examination of his government’s response to foreign interference into a pointed criticism of Conservative Leader Pierre Poilievre.	2024-10-18T08:00:00Z	https://www.cbc.ca/news/politics/trudeau-release-names-poilievre-security-clearance-1.7355350
India recalls ambassador from Canada in growing dispute over assassination of Sikh activist	webdesk@voanews.com (Associated Press)	"NEW DELHI — India said Monday it is recalling its ambassador and other diplomats from Canada, hours after it rejected a Canadian notification that the ambassador was a ""person of interest"" in the assassination of a Sikh activist last year. 


India's foreign …"	2024-10-14T15:41:12Z	https://www.voanews.com/a/india-recalls-ambassador-from-canada-in-growing-dispute-over-assassination-of-sikh-activist-/7821760.html
India To Recall Top Envoy To Canada: Foreign Ministry	AFP News	"India said Monday it was withdrawing its envoy to Canada because Ottawa was investigating him and other diplomats as ""persons of interest"", after the killing last year of a Sikh separatist leader."	2024-10-14T15:06:20Z	https://www.ibtimes.com/india-recall-top-envoy-canada-foreign-ministry-3746654
Strategic myopia: Why Justin Trudeau's role in the current India-Canada diplomatic fiasco can't be overstated		India-Canada relations have deteriorated to unprecedented levels, fueled by accusations and retaliations over the killing of Khalistani terrorist Hardeep Singh Nijjar. Canadian Prime Minister Justin Trudeau's handling of Sikh separatism and his political moti…	2024-10-15T17:19:05Z	https://m.economictimes.com/opinion/et-commentary/strategic-myopia-why-justin-trudeaus-role-in-the-current-india-canada-diplomatic-fiasco-cant-be-overstated/articleshow/114259824.cms
Canada Needs Help to Challenge a Rogue India	Justin Ling	Washington is turning a blind eye to New Delhi’s illegal actions.	2024-10-22T18:37:02Z	https://foreignpolicy.com/2024/10/22/trudeau-canada-india-assassinations-sikh/
RCMP made India allegations public to disrupt criminal activities, Trudeau tells inquiry		"Prime Minister Justin Trudeau says the decision to publicize the allegation that agents of the Indian government have played a role in ""widespread violence"" in Canada was made to disrupt such activities."	2024-10-16T17:28:56Z	https://www.cbc.ca/news/politics/trudeau-india-allegations-foreign-interference-inquiry-1.7353738
Debt Colonization in Japan	Peter St. Onge	"Editor’s note: This is a lightly edited transcript of the accompanying video from professor Peter St. Onge. Japan just fired its stunningly unpopular prime minister,... Read More
The post Debt Colonization in Japan appeared first on The Daily Signal."	2024-10-17T14:01:00Z	https://www.dailysignal.com/2024/10/17/debt-colonization-ijapan/
Canada's foreign minister says India's remaining diplomats are on notice not to harm Canadians		Canada’s foreign minister said Friday that India’s remaining diplomats in the country are “clearly on notice” not to endanger Canadian lives after New Delhi’s top envoy in Canada was named a person of interest in the assassination of a Sikh activist. India's …	2024-10-18T21:15:19Z	https://japantoday.com/category/world/canada%27s-foreign-minister-says-india%27s-remaining-diplomats-are-on-notice-not-to-harm-canadians
India's Spat With Canada Grows Over Allegations Regarding Activist's Death	Natalie Venegas	Escalating a dispute between Canada over allegations regarding a Sikh activist's death, India recalled its ambassador to Canada.	2024-10-14T17:10:44Z	https://www.newsweek.com/indias-spat-canada-grows-over-allegations-regarding-activists-death-1968766
Canada expels India’s top diplomat in criminal conspiracy investigation	Shane Galvin	The Mounties also allege that India has been orchestrating a large intelligence-gathering operation within the country.	2024-10-15T07:29:09Z	https://nypost.com/2024/10/15/world-news/canada-expels-indias-top-diplomat-in-criminal-conspiracy-investigation/
US charges Indian agent over alleged plot to kill Sikh separatist		WASHINGTON: An Indian intelligence official has been indicted for his role in a foiled plot to kill a Sikh separatist leader in the United States, the Justice Department said on Thursday (Oct 17). Vikash Yadav, 39, who remains at large, is charged with conspi…	2024-10-18T00:52:00Z	https://www.channelnewsasia.com/world/us-charges-indian-agent-over-alleged-plot-kill-sikh-separatist-4686351
India and Canada Expel Each Other’s Diplomats, Exchange Accusations With Charged Rhetoric as Bilateral Relations Reach the Lowest Point Yet	Paul Serran	"After a cooling down period, the tensions between Canada and India appear to again have spiraled down beyond the point of no return with the mutual expulsion of diplomats and charged rhetoric from side to side.
The post India and Canada Expel Each Other’s Dip…"	2024-10-15T14:15:00Z	https://www.thegatewaypundit.com/2024/10/india-canada-expel-each-others-diplomats-exchange-accusations/
India and Canada expel top envoys in Sikh separatist killing row		India and Canada each expelled the other's ambassador and five other top diplomats, after New Delhi said its envoy had been named among &quot;persons of interest&quot; following the killing of a Sikh separatist leader. New Delhi said it was withdrawing its si…	2024-10-14T21:25:22Z	https://japantoday.com/category/world/india-to-recall-top-envoy-to-canada-foreign-ministry
Tucker Carlson Funded by Russia's RT, Justin Trudeau Says	newsweek.com	"Canadian Prime Minister Justin Trudeau has said under oath that Tucker Carlson is funded by a Russian state-owned media outlet, without providing evidence for the claim.
Trudeau made the allegation about Carlson and fellow conservative media personality Jorda…"	2024-10-18T09:30:54Z	https://biztoc.com/x/b5069fff2a80dee0
Justin Trudeau's offensive a pre-poll ploy amid waning support	TNN	Canadian PM Justin Trudeau's increasing confrontations with India align with his declining popularity at home. Facing criticism over rising living costs, healthcare, and crime, alongside political challenges, Trudeau courts the influential Sikh community ahea…	2024-10-14T23:25:34Z	https://timesofindia.indiatimes.com/india/justin-trudeaus-offensive-a-pre-poll-ploy-amid-waning-support/articleshow/114231108.cms
India says crisis in relationship with Canada due to Trudeau government’s baseless allegations	Amiti Sen	India emphasises strong economic ties with Canada, denounces Trudeau government's baseless allegations, and calls for evidence in ongoing investigations.	2024-10-17T15:38:05Z	https://www.thehindubusinessline.com/economy/india-says-crisis-in-relationship-with-canada-due-to-trudeau-governments-baseless-allegations/article68765786.ece
India-Canada diplomatic ties witness major downturn: Here’s all you need to know	PTI	India expels Canadian diplomats amid allegations of extremism, sparking diplomatic tensions, while trade relations remain unaffected for now.	2024-10-16T06:04:31Z	https://www.thehindubusinessline.com/multimedia/video/india-canada-diplomatic-ties-witness-major-downturn-heres-all-you-need-to-know/article68759655.ece
Report: Antisemitic Incidents Skyrocket 670% in Canada After October 7 Atrocities	John Hayward, John Hayward	"Israel’s Ministry for Diaspora Affairs and Combating Antisemitism finds antisemitic incidents in Canada exploded by 670% after the October 7 attacks.
The post Report: Antisemitic Incidents Skyrocket 670% in Canada After October 7 Atrocities appeared first on …"	2024-10-16T22:10:39Z	https://www.breitbart.com/faith/2024/10/16/report-antisemitic-incidents-skyrocket-670-canada-after-october-7-atrocities/
As India vs Canada flares up, Justin Trudeau memes dancing on 'Khalistani' tunes surface. See viral ones	ET Online	Justin Trudeau memes: India and Canada are experiencing heightened diplomatic tensions over the killing of Sikh separatist Hardeep Singh Nijjar. Canadian Prime Minister Justin Trudeau has linked Indian agents to the incident, sparking a meme wave online. Indi…	2024-10-16T07:40:09Z	https://economictimes.indiatimes.com/news/new-updates/as-india-vs-canada-flares-up-justin-trudeau-memes-dancing-on-khalistani-tunes-surface-see-viral-ones/articleshow/114275126.cms
Explained: What is the Five Eyes Alliance, and why is Trudeau seeking their help with India?	PTI	Canada accuses India of involvement in murder, leveraging Five Eyes alliance for international support in escalating diplomatic row.	2024-10-18T06:11:40Z	https://www.thehindubusinessline.com/multimedia/video/explained-what-is-the-five-eyes-alliance-and-why-is-trudeau-seeking-their-help-with-india/article68767953.ece
Trudeau lying to distract from his party's revolt, says his main opponent & Conservative leader	TNN	Canadian PM Justin Trudeau is facing accusations from Conservative leader Pierre Poilievre. Poilievre claims Trudeau lied about India's interference and won elections with China's help. Despite allegations, Trudeau has not revealed specific details. The Conse…	2024-10-17T20:56:31Z	https://timesofindia.indiatimes.com/india/trudeau-lying-to-distract-from-his-partys-revolt-says-his-main-opponent-conservative-leader/articleshow/114327730.cms
India Recalls Ambassador From Canada in Growing Dispute Over Assassination of Sikh Activist	ASSOCIATED PRESS	India said on Monday it is recalling its ambassador and other diplomats from Canada.	2024-10-14T16:16:29Z	https://time.com/7086578/india-recalls-ambassador-from-canada-dispute-over-sikh-activist-assassination/
Canada expels 6 Indian diplomats, RCMP alleges 'serious criminal activity'		"Canada expelled six Indian diplomats after police collected evidence alleging they were part of an Indian government ""campaign of violence,"" a government source says."	2024-10-14T14:17:44Z	https://www.cbc.ca/news/politics/canada-expels-6-indian-diplomats-rcmp-alleges-serious-criminal-activity-1.7351837
India pulls envoy from Canada over new allegation	Deutsche Welle	"India said it was going to recall its ambassador from Canada after Ottawa said he and other top Indian diplomats were ""persons of interest"" in an investigation into the 2023 killing of Sikh activist Hardeep Singh Nijjar."	2024-10-14T15:27:00Z	https://www.dw.com/en/india-pulls-envoy-from-canada-over-new-allegation/a-70490271
Canada's Justin Trudeau major controversies: From blackface scandal to holidaying at rich friend's resort	ET Online	Justin Trudeau's accusations towards India over the killing of Hardeep Singh Nijjar have soured India-Canada relations further. Trudeau's tenure has been marked by scandals, including a blackface controversy, the SNC-Lavalin affair, and questionable vacation …	2024-10-15T07:58:51Z	https://economictimes.indiatimes.com/news/international/world-news/canadas-justin-trudeau-major-controversies-from-blackface-scandal-to-holidaying-at-rich-friends-resort/articleshow/114241749.cms
Liberal Discontents Look to Topple Trudeau, Canadian Reports Say	Bloomberg News	A group of lawmakers within Canadian Prime Minister Justin Trudeau’s governing Liberal Party is organizing to pressure him to step down, according to news reports.	2024-10-12T17:05:17Z	https://financialpost.com/pmn/business-pmn/liberal-discontents-look-to-topple-trudeau-canadian-reports-say
Justin Trudeau says some opposition Canada MPs could be involved in foreign interference	Reuters	Canadian Prime Minister Justin Trudeau alleged that some Conservative Party members could be involved in foreign interference. The allegation was made during a probe on foreign meddling. Conservative leader Pierre Poilievre has refused classified briefings, s…	2024-10-16T17:10:18Z	https://economictimes.indiatimes.com/news/international/world-news/justin-trudeau-says-some-opposition-canada-mps-could-be-involved-in-foreign-interference/articleshow/114291822.cms
The Canada-India fallout: Justin Trudeau's desperate attempt to win back popular political support?	ET Online	Facing declining approval ratings, Prime Minister Justin Trudeau is engaging the influential Sikh community by taking a confrontational stance towards India. Amid pressing domestic issues, Trudeau remains under pressure from both opposition parties and intern…	2024-10-15T06:11:27Z	https://economictimes.indiatimes.com/news/india/the-canada-india-fallout-trudeaus-desperate-attempt-to-win-back-popular-political-support/articleshow/114238344.cms
Trudeau Describes Failed Efforts at Quiet Diplomacy With Modi	Bloomberg News	Canadian Prime Minister Justin Trudeau said he only went public with a murder allegation involving India’s government after a lengthy behind-the-scenes effort to address the matter diplomatically was rejected by Indian officials.	2024-10-16T18:29:39Z	https://financialpost.com/pmn/business-pmn/trudeau-describes-failed-efforts-at-quiet-diplomacy-with-modi
Canada-India row worsens with diplomatic expulsions	Reuters	<p>Canada has expelled six Indian diplomats including the high commissioner (the equivalent of ambassador), linking them to the murder of a Sikh separatist leader and alleging a broader effort to target Indian dissidents in Canada.</p>	2024-10-15T07:14:00Z	https://www.bangkokpost.com/world/2884053/canada-india-row-worsens-with-diplomatic-expulsions
Why Justin Trudeau Keeps Accusing India of Murder		Bombshell allegations about India’s involvement in murder and extortion on Canadian soil in a stunning Thanksgiving Monday press conference from the RCMP and Trudeau. But, why are they telling us about it now? Plus, Kamala goes on the Call Her Daddy podcast, …	2024-10-16T07:00:20Z	https://shows.acast.com/canadaland/episodes/670f291d488fde8559c739cb
"""Preposterous Imputations"": India Shreds Justin Trudeaus Latest Charge"	Vishnu Som, Samiran Mishra	India on Monday issued a sharp rebuttal to Canada, rejecting allegations of its High Commissioner being a &#039;person of interest&#039; in a murder investigation, describing them as &quot;preposterous imputations.&quot;	2024-10-14T08:33:26Z	https://www.ndtv.com/world-news/reject-preposterous-imputations-india-strongly-hits-back-at-canada-6785660
Trudeau seeks support from old ally Britain, pro-Khalistan Sikhs sense opportunity	Naomi Canton	Following a diplomatic crisis between India and Canada, Prime Minister Justin Trudeau sought UK support against alleged targeted campaigns by Indian agents. Trudeau and UK PM Keir Starmer emphasized the rule of law. Numerous incidents of intimidation and viol…	2024-10-16T00:14:34Z	https://timesofindia.indiatimes.com/world/uk/trudeau-seeks-support-from-old-ally-britain-pro-khalistan-sikhs-sense-opportunity/articleshow/114266018.cms
India-Canada Row: Trudeau alleges intel shared with India used to incite violence in Canada by criminal gangs	ET Online	Canadian Prime Minister Justin Trudeau accused India of violating Canada's sovereignty by allegedly passing information about opponents of the Modi government to criminal organizations, leading to violence. Despite acknowledging a lack of concrete evidence, T…	2024-10-16T18:10:36Z	https://economictimes.indiatimes.com/news/india/india-canada-row-trudeau-alleges-intel-shared-with-india-used-to-incite-violence-in-canada-by-criminal-gangs/articleshow/114292437.cms
Latest Canada-India diplomatic tensions are another serious obstacle to an improved relationship	Saira Bano, Assistant Professor in Political Science, Thompson Rivers University	Without a shared understanding of the pro-Khalistan issue between Canada and India, the relationship between the two countries is likely to remain strained.	2024-10-15T19:39:39Z	https://theconversation.com/latest-canada-india-diplomatic-tensions-are-another-serious-obstacle-to-an-improved-relationship-241406
'Fundamental error,' says Trudeau, accuses India of supporting criminal activities in Canada amid diplomatic row	ANI	Canadian Prime Minister Justin Trudeau accused India of supporting criminal activities in Canada, including murder and extortion. Highlighting tensions, Trudeau stressed the importance of upcoming security talks in Singapore. This was amid claims of India’s i…	2024-10-15T01:07:12Z	https://economictimes.indiatimes.com/news/india/fundamental-error-says-trudeau-accuses-india-of-supporting-criminal-activities-in-canada-amid-diplomatic-row/articleshow/114232044.cms
Tired of Trudeau: Why Canadians are not willing to trust their PM	ET Online	Canadian Prime Minister Justin Trudeau is facing difficulties convincing Canadians about India's alleged role in the killing of Khalistani terrorist Hardeep Singh Nijjar. Trudeau's accusations are seen as a distraction from his own political and economic issu…	2024-10-16T09:22:17Z	https://economictimes.indiatimes.com/news/international/world-news/tired-of-trudeau-why-canadians-are-not-willing-to-trust-their-pm/articleshow/114279362.cms
Trudeau Doubles Down On Charges After India-Canada Diplomatic Showdown	Srishti Kapoor	Canadian Prime Minister Justin Trudeau has accused the Indian government of &quot;coercive behaviourand threatening and violent acts&quot;, as the two countries announced tit-for-tat expulsions of diplomats following the killing of a Khalistani terrorist.	2024-10-15T02:39:47Z	https://www.ndtv.com/world-news/hardeep-singh-nijjar-killing-justin-trudeau-doubles-down-on-charges-after-india-canada-diplomatic-showdown-6791322
Nijjar killing: Justin Trudeau says info shared with Five Eyes amid diplomatic fallout with India	PTI	Canada's Prime Minister Justin Trudeau has shared intelligence with Five Eyes partners on alleged Indian involvement in the killing of a Canadian national. India denies accusations, expels Canadian diplomats, and criticizes Trudeau's stance. Diplomatic tensio…	2024-10-15T01:35:19Z	https://economictimes.indiatimes.com/news/international/world-news/justin-trudeau-says-info-shared-with-five-eyes-amid-diplomatic-fallout-with-india-over-nijjars-killing/articleshow/114232229.cms
India Made 'Horrific Mistake' With Alleged Interference in Canada: Trudeau	newsweek.com	"Canadian Prime Minister Justin Trudeau said Wednesday that India made a ""horrific mistake"" with its alleged interference in the ""safety and sovereignty of Canada.""
Strained relations between Canada and India hit a breaking point on Monday when the Royal Canad…"	2024-10-16T22:53:15Z	https://biztoc.com/x/8486783f8f0a1f3b
Trudeau Accuses Indian Diplomats of Links to Criminal Violence	Bloomberg News	Prime Minister Justin Trudeau accused Indian diplomats of backing a pattern of criminal harassment and violence against Canadians, escalating a dispute that began last year when he suggested Indian agents were involved in the murder of a Canadian Sikh activis…	2024-10-14T23:30:53Z	https://financialpost.com/pmn/business-pmn/trudeau-accuses-indian-diplomats-of-links-to-criminal-violence
Canada expels top India diplomats, links them to murder of Sikh leader	Georgi Gotev	The diplomatic row represents a major deterioration of relations between the two Commonwealth countries.	2024-10-15T05:32:06Z	https://www.euractiv.com/section/global-europe/news/canada-expels-top-india-diplomats-links-them-to-murder-of-sikh-leader/
Trudeau Accuses India Diplomats of Ties to Criminal Violence	youtube.com	Prime Minister Justin Trudeau accused Indian diplomats of backing a pattern of criminal harassment and violence against Canadians, escalating a dispute that began last year when he suggested Indian agents were involved in the murder of a Canadian Sikh activis…	2024-10-15T13:44:07Z	https://biztoc.com/x/70c822e11fad7f45
Canada and India expel each other's diplomats as dispute over 2023 assassination escalates	pbs.org	Canadian Prime Minister Justin Trudeau said last year that there were credible allegations that the Indian government had links to the June 2023 assassination in Canada of Sikh activist Hardeep Singh Nijjar.	2024-10-14T19:30:22Z	https://biztoc.com/x/31100b87106d1d75
Canada sought to avoid diplomatic brawl with India over RCMP probe, source says		Canada attempted over the past week to avoid the kind of tit-for-tat diplomatic conflict it now finds itself engaged in with India, a senior government source told CBC News.	2024-10-15T19:56:57Z	https://www.cbc.ca/news/politics/canada-india-dispute-diplomatic-expulsion-lead-up-1.7352626
India-Canada row overshadows growing trade ties	hurriyetdailynews.com	A diplomatic falling out between India and Canada over allegations that New Delhi was behind the killing of a Canadian Sikh activist threatens to overshadow increasingly close trade and investment ties between the countries.	2024-10-16T09:12:14Z	https://www.hurriyetdailynews.com/india-canada-row-overshadows-growing-trade-ties-201604
Had no proof, only intel when we first accused India: Justin Trudeau	TNN	Canadian PM Justin Trudeau reiterated accusations against India for the killing of pro-Khalistan terrorist Hardeep Singh Nijjar, despite lacking substantial evidence. He testified before the Foreign Interference Commission, highlighting sovereignty concerns a…	2024-10-16T21:56:45Z	https://timesofindia.indiatimes.com/india/had-no-proof-only-intel-when-we-first-accused-india-justin-trudeau/articleshow/114294820.cms
From Kanishka bombing to support for Khalistanis: Why Trudeaus have always been at loggerheads with India	ET Online	India-Canada relations hit a new low as India withdraws its high commissioner, citing distrust in Justin Trudeau. Tensions stem from Trudeau's allegations linking India to the 2022 murder of Sikh extremist Hardeep Singh Nijjar, a claim dismissed by New Delhi …	2024-10-15T05:37:53Z	https://economictimes.indiatimes.com/news/india/from-kanishka-bombing-to-support-for-khalistanis-why-trudeaus-have-always-been-at-loggerheads-with-india/articleshow/114236746.cms
Justin Trudeau accuses India of supporting criminal activities in Canada	ANI	Trudeau highlighted ongoing tensions between the two nations and stressed the importance of an upcoming meeting between their national security advisors	2024-10-15T00:57:29Z	https://www.business-standard.com/external-affairs-defence-security/news/justin-trudeau-accuses-india-of-supporting-criminal-activities-in-canada-124101500039_1.html
Justin Trudeau accuses India of 'clear violations' of Canadian sovereignty	ET Online	'Clear indications' India violated Canada's sovereignty: Justin Trudeau	2024-10-16T16:29:11Z	https://economictimes.indiatimes.com/news/india/justin-trudeau-accuses-india-of-clear-violations-of-canadian-sovereignty/articleshow/114291172.cms
US urges India to take Canada allegations 'seriously'	Deutsche Welle	Having made similar allegations recently, the United States has urged India to respond appropriately to Canada's concerns. Meanwhile, trade between India and Canada appears so far unaffected by the diplomatic spat.	2024-10-15T22:09:00Z	https://www.dw.com/en/us-urges-india-to-take-canada-allegations-seriously/a-70508045
Opinion: Nijjar Row: Why Exactly Is A Beleaguered Trudeau Challenging India?		With two broad factors  US backing and foreign interference closely associated with the Nijjar killing, the Justin Trudeau government in Canda is making drastic and dramatic moves against India.	2024-10-16T05:50:32Z	https://www.ndtv.com/opinion/nijjar-row-why-exactly-is-a-beleaguered-trudeau-challenging-india-6800434
Canada expels 6 Indian diplomats, government source says		"Canada expelled six Indian diplomats after police collected evidence alleging they were part of an Indian government ""campaign of violence,"" a government source says."	2024-10-14T14:17:44Z	https://www.cbc.ca/news/politics/canada-expels-6-indian-diplomats-government-source-says-1.7351837
India-Canada Ties Hit New Low: Timeline Of How Relations Soured	Asian News International	The India-Canada relations nosedived after Justin Trudeau said last year that there was credible intelligence linking India&#039;s government to the killing of Khalistani terrorist Hardeep Singh Nijjar.	2024-10-15T08:07:07Z	https://www.ndtv.com/world-news/india-canada-ties-hit-new-low-timeline-of-how-relations-soured-after-justin-trudeau-remark-on-khalistani-terrorist-hardeep-singhnijjar-6793267
