Title	Author	Description	Published At	URL
Trudeau says Canada and the U.S. will 'do good things together' with Trump in the White House		Prime Minister Justin Trudeau sounded an upbeat note Tuesday on the prospect of working with U.S. president-elect Donald Trump, saying Canada has dealt with his trade threats before and can do so again.	2024-11-12T19:31:01Z	https://www.cbc.ca/news/politics/trudeau-trump-do-good-things-together-1.7381237
John Horgan, former B.C. premier and Canada's ambassador to Germany, dead at 65		Former B.C. premier John Horgan has died at the age of 65, CBC News has confirmed. In June this year, Horgan told CBC that he had been diagnosed with cancer for the third time during a routine followup appointment for his previous throat cancer.	2024-11-12T20:02:05Z	https://www.cbc.ca/news/canada/british-columbia/john-horgan-dead-bc-premier-1.7381286
Border agency clears employee after Indian media reports link him with terrorism		A Canada Border Services Agency superintendent is speaking out after being targeted by the Indian government with allegations of murder and terrorism — allegations Canadian authorities say are not backed by any evidence.	2024-11-12T22:00:00Z	https://www.cbc.ca/news/politics/canada-border-india-sikh-modi-1.7380804
Trudeau flying in and out of Bermuda Wednesday to deliver eulogy for Peter Green		Prime Minister Justin Trudeau is flying in and out of Bermuda on Wednesday, where he will deliver a eulogy at the funeral for Peter Green, a close family friend.	2024-11-13T16:30:23Z	https://www.cbc.ca/news/politics/trudeau-funeral-peter-green-eulogy-bermuda-1.7382170
After keeping her distance, Liberal premier ready to work with Trudeau		Susan Holt, who repeatedly emphasized her differences with the prime minister leading up to last month’s election, was on more welcoming terms Tuesday after their first official meeting in Fredericton.	2024-11-12T20:31:04Z	https://www.cbc.ca/news/canada/new-brunswick/susan-holt-justin-trudeau-1.7381312
After a brief retreat, politicians are again clamouring for the notwithstanding clause		When Ontario Premier Doug Ford was compelled to abandon his attempt to use the notwithstanding clause to end a labour dispute in 2022, it was possible to believe the tide had turned against the Charter’s escape clause. But the political temptation to override…	2024-11-13T09:00:00Z	https://www.cbc.ca/news/politics/notwithstanding-clause-charter-rights-1.7381447
Canada launches $2-billion public-private finance platform for developing countries at COP29	Victor Swezey	The platform features investments from Mitsubishi Financial Group, the Green Climate Fund, the Global Environmental Facility and national development finance body FinDev Canada	2024-11-12T22:44:06Z	https://www.theglobeandmail.com/business/article-cop29-canada-climate-finance-platform/
Former U.S. commerce secretary says he 'can't imagine' Trump would tax Canadian energy		Donald Trump's former commerce secretary says he 'can't imagine' the U.S. president-elect would want to tax Canadian energy, despite campaign promises about imposing a global tariff when he takes office in January.	2024-11-10T20:26:01Z	https://www.cbc.ca/news/politics/former-u-s-commerce-secretary-says-he-can-t-imagine-trump-would-tax-canadian-energy-1.7379880
Federal byelection called in B.C.'s Cloverdale-Langley City riding		The prime minister has announced that a byelection will be held in the federal seat of Cloverdale-Langley City, in B.C.'s Lower Mainland, on Dec. 16.	2024-11-10T19:43:46Z	https://www.cbc.ca/news/canada/british-columbia/federal-byelection-cloverdale-langley-city-1.7379893
Canadian government speaking with allies about Palestinian statehood recognition, official tells MPs		Ottawa has been speaking with like-minded countries about recognizing a Palestinian state, a government official told a committee of parliamentarians studying the quickest path toward such a declaration Thursday afternoon.	2024-11-08T09:00:00Z	https://www.cbc.ca/news/politics/canadian-government-speaking-with-allies-about-palestinian-statehood-recognition-official-tells-mps-1.7377712
Family of Murray Sinclair remember his life as 'beacon of integrity and compassion' ahead of memorial service		"The family of the late Murray Sinclair will remember his life as being ""a beacon of integrity and compassion"" as they are joined by members of the public, the Canadian Governor General and prime minister during a commemorative service at Winnipeg's Canada Lif…"	2024-11-10T18:13:23Z	https://www.cbc.ca/news/canada/manitoba/murray-sinclair-winnipeg-memorial-service-1.7379730
Time limits for trials were meant to speed up justice. They've also halted hundreds of criminal cases		Supporters say the Supreme Court of Canada's so-called Jordan ruling in 2016 has sped up proceedings and strengthened Charter rights for prompt justice. But some victims say the time limits for trials work in criminals' favour and cases continue to collapse b…	2024-11-10T14:00:00Z	https://www.cbc.ca/news/canada/british-columbia/canada-jordan-ruling-justice-system-delays-1.7378300
Prime Minister Justin Trudeau congratulates Trump on his victory		Prime Minister Justin Trudeau released a statement early Wednesday morning congratulating Donald Trump on winning back the U.S. presidency.	2024-11-06T13:51:26Z	https://www.cbc.ca/news/politics/trudeau-trump-victory-1.7375159
As it loses ground to Russia, Ukraine greets Trump win with public praise and private worry		"Among the first world leaders to publicly react to Donald Trump's latest electoral victory was Ukraine's President Volodymyr Zelenskyy, who praised his win and applauded what he described as Trump's commitment to achieving ""peace through strength."" But Ukrain…"	2024-11-06T16:53:31Z	https://www.cbc.ca/news/ukraine-trump-win-russia-war-1.7375206
Poilievre accuses Trudeau of sowing 'divisions' that led to Brampton's violent temple clash		In a testy exchange in the House of Commons on Tuesday, Conservative Leader Pierre Poilievre accused Prime Minister Justin Trudeau of sowing the divisions that led to the violent clash between Sikh separatists and Hindu worshippers outside a Hindu temple in B…	2024-11-05T21:44:07Z	https://www.cbc.ca/news/politics/poilievre-trudeau-hindu-temple-1.7374451
'Grueling and arduous': A look back at Canada-U.S. relations during the first Trump presidency		Canadian political leaders are congratulating Donald Trump on winning back the U.S. presidency — a victory that raises questions about what Canada-U.S. relations will look like over the next four years.	2024-11-06T20:59:49Z	https://www.cbc.ca/news/politics/canada-united-states-trump-1.7375698
Ottawa has been preparing for next U.S. president 'for months,' foreign affairs minister says		Foreign Affairs Minister Mélanie Joly says Canadian preparations for the next U.S. president have been in the works for months as American voters decide who will replace Joe Biden in the White House.	2024-11-05T22:03:48Z	https://www.cbc.ca/news/politics/joly-says-canada-preparing-for-month-next-president-1.7374577
Singh and May are welcome in N.S. campaign, but Trudeau and Poilievre not so much		The Nova Scotia Greens and New Democrats have put out the welcome mat for national leaders Elizabeth May and Jagmeet Singh, but the Liberals and the PCs have slammed the door on help from Justin Trudeau and Pierre Poilievre.	2024-11-05T10:00:00Z	https://www.cbc.ca/news/canada/nova-scotia/jagmeet-singh-pierre-poilievre-justin-trudeau-elizabeth-may-national-leaders-ns-election-1.7373197
With Trump's return, another wave of uncertainty washes over Canadian politics		The United States is both our loud neighbour and — by orders of magnitude — our most valuable trading partner. But living beside (and under the umbrella of) the world’s most powerful democracy also has brought with it a certain peace of mind. At least, it did…	2024-11-06T23:08:17Z	https://www.cbc.ca/news/politics/trump-canada-trudeau-trade-1.7376006
UN refugee chief says reducing refugee targets is 'wise' if it prevents backlash		"It is ""wise"" of Canada to scale back the number of refugees it plans to resettle if that helps stabilize the housing market and prevents backlash against newcomers, the head of the UN refugee agency said during a visit to Ottawa this week."	2024-11-05T19:10:47Z	https://www.cbc.ca/news/politics/un-refugee-canada-immigration-1.7374319
Quebec prepares for a rise in border crossings with threat of mass deportations under Trump		In 2017, in the months after Donald Trump was elected, thousands of people crossed into Canada at Quebec's Roxham Road. Now, community groups and authorities are preparing for another increase.	2024-11-07T16:52:38Z	https://www.cbc.ca/news/canada/montreal/canada-quebec-mass-deportations-migrants-1.7376532
Senators amend Bloc Québécois supply management bill, putting it on path back to Commons		Senators on the foreign affairs committee amended a controversial agricultural trade bill Wednesday, putting it on a path back to the House of Commons.	2024-11-07T17:14:41Z	https://www.cbc.ca/news/politics/supply-management-bill-senate-1.7376654
Leaders talk immigration, free hospital parking on Day 12 of N.S. election campaign		Leader Zach Churchill says a plan by the incumbent Progressive Conservatives to double the province's population to two million people by the year 2060 is unrealistic and unsustainable.	2024-11-07T19:58:01Z	https://www.cbc.ca/news/canada/nova-scotia/election-campaign-day-12-november-7-1.7377087
Trudeau hopes a 'silent majority' is still willing to listen		He surely would reject any such comparison but, in a recent interview, Justin Trudeau briefly sounded just a little bit like Richard Nixon.	2024-11-02T08:00:00Z	https://www.cbc.ca/news/politics/trudeau-poilievre-election-1.7370930
India criticizes Canada for linking minister to plots targeting Sikhs, calling allegation 'absurd'		"India has officially protested the Canadian government's allegation that the country's powerful Home Minister Amit Shah had ordered the targeting of Sikh activists inside Canada, calling it ""absurd and baseless."""	2024-11-02T14:42:38Z	https://www.cbc.ca/news/world/amit-shah-allegations-india-reaction-1.7371969
Senators pay tribute to Murray Sinclair: 'He left an indelible imprint'		Senators who worked with Murray Sinclair remember the Anishinaabe judge as a courageous leader and towering intellect who left his mark on Canada's upper house, raising the bar for all of them.	2024-11-04T16:02:49Z	https://www.cbc.ca/news/indigenous/murray-sinclair-senate-tribute-1.7374238
Trump tariffs would hit Canada 'faster and harder' than most: former top Trudeau aide		"Prime Minister Justin Trudeau's former principal secretary Gerald Butts says Donald Trump's proposed 10 per cent tariffs on imports would hit Canada ""faster and harder than just about anyone else,"" given the close trading relationship between the two countrie…"	2024-11-02T08:00:00Z	https://www.cbc.ca/news/politics/trump-tariffs-canada-trade-1.7371141
'Buckle up' for a second Trump presidency, former U.S. ambassador tells Canada		Kelly Craft, Donald Trump's former ambassador to Canada, says the country should prepare for what could be a more antagonistic bilateral relationship with the U.S. if her old boss wins Tuesday's presidential election.	2024-11-04T19:40:36Z	https://www.cbc.ca/news/politics/buckle-up-canada-second-trump-presidency-1.7373137
How Rumble went from a family-friendly Canadian startup to a megaphone for U.S. election deniers		Started in Toronto in 2013, Rumble was once mainly known as a site where you could find wholesome pet videos. But it changed radically after investments by pro-Trump financiers.	2024-11-02T08:00:00Z	https://www.cbc.ca/news/world/rumble-trump-election-1.7366556
Police investigating protest at Brampton Hindu temple, politicians condemn 'acts of violence'		Peel police say they increased their presence at Hindu Sabha Mandir Sunday. Unverified videos appear to show an altercation involving protesters outside the temple.	2024-11-04T00:53:54Z	https://www.cbc.ca/news/canada/toronto/temple-brampton-alleged-violent-altercation-protest-peel-police-1.7372541
N.S. Liberals release platform promising more housing, tax cuts and boosts to health care		Nova Scotia Liberal Leader Zach Churchill released his party’s election platform on Monday, describing the document as a contract with voters to build more housing, reduce taxes and potentially remove the impact of the carbon tax on the price of gas.	2024-11-04T22:25:37Z	https://www.cbc.ca/news/canada/nova-scotia/liberal-leader-zach-churchill-election-campaign-platform-1.7373357
Liberal Party preparing to launch ad campaign to take on high-flying Poilievre		The Liberal Party is preparing to launch an ad campaign to fight back against the high-flying Conservatives and close a polling gap that suggests it's on track to lose big if an election is called soon.	2024-10-30T19:26:08Z	https://www.cbc.ca/news/politics/liberal-party-ad-campaign-1.7368291
Top Trump White House pick has strong view on Canada's government. It's not flattering		Mike Waltz, the man reportedly tapped for the top international role inside the Trump White House isn’t just predicting the impending defeat of Canada’s Trudeau government: He’s celebrating it.	2024-11-01T08:11:21Z	https://www.cbc.ca/news/world/trump-security-adviser-canada-1.7380755
Trudeau says he's asked spy agencies to share foreign interference information with Poilievre		"Prime Minister Justin Trudeau says he's asked intelligence services to find a way to brief Pierre Poilievre about foreign interference allegations involving his party — and possibly to share ""some names"" with the Conservative leader."	2024-10-30T19:39:38Z	https://www.cbc.ca/news/politics/trudeau-poilievre-foreign-intereference-names-1.7368280
Attempts to put Trudeau leadership question to rest only making caucus tensions worse, MP says		One of the Liberal MPs calling for a secret ballot vote on Prime Minister Justin Trudeau’s leadership says efforts by cabinet to put the issue to rest may only be increasing tensions in caucus.	2024-10-30T21:55:18Z	https://www.cbc.ca/news/politics/mp-tensions-liberal-caucus-1.7368594
Some voters aren't crazy about Trump. But they're supporting him anyway		There's a contingent of voters in U.S. who don't necessarily like Donald Trump as a person, but say they'll be voting for him anyway because they believe he'll be stronger on the economy.	2024-10-31T08:00:00Z	https://www.cbc.ca/news/world/trump-voters-michigan-harris-presidential-election-1.7367116
NDP calls for immediate changes to how veterans pay for long-term care		The NDP is calling on the federal government to immediately change the way it charges veterans for long-term care after CBC News reported that many veterans could be paying more than their fair share.	2024-10-30T23:00:05Z	https://www.cbc.ca/news/politics/veterans-long-term-care-1.7368688
Federal government would have to double military spending to meet NATO target		The parliamentary budget officer says that if the federal government wants to meet NATO's military spending target by 2032 as promised, it will have to almost double defence spending to $81.9 billion.	2024-10-30T16:34:56Z	https://www.cbc.ca/news/politics/pbo-canada-nato-double-spending-1.7368031
Trump makes triumphant return to Washington, meets with Biden		Donald Trump made a victor's return to Washington on Wednesday, visiting the White House for an Oval Office meeting with President Joe Biden and committing to a smooth transition of power as the president-elect moves quickly to build out his new administratio…	2024-11-01T08:11:21Z	https://www.cbc.ca/news/world/trump-biden-senate-republicans-1.7382330
Trump's border czar says Canadian border is an 'extreme' vulnerability		"U.S. president-elect Donald Trump's border czar says there is an ""extreme national security vulnerability"" along the Canada-U.S. border that he plans to deal with the moment the new Republican administration takes power."	2024-11-01T08:11:21Z	https://www.cbc.ca/news/canada/border-czar-canada-vulnerable-1.7381797
Conservative MPs backed communities seeking Liberal housing fund Poilievre vows to cut		Five Conservative MPs have written letters to the Liberal housing minister asking him to grant their communities funding from a program that Conservative Leader Pierre Poilievre this week called disastrous and promised to cancel.	2024-10-30T14:50:38Z	https://www.cbc.ca/news/politics/sean-fraser-tory-mps-back-housing-fund-1.7367805
Montreal summit ends with pledge to return Ukrainian children deported to Russia		More than 45 nations signed a pledge in Montreal on Thursday to repatriate to Ukraine the civilians, prisoners of war and children taken by Russia since it invaded the country nearly three years ago.	2024-10-31T21:36:21Z	https://www.cbc.ca/news/politics/montreal-summit-pledge-ukrainian-children-1.7370093
What does a 2nd Trump term mean for Canada? To start, steep tariffs and pressure to spend more on military		Donald Trump's second term as U.S. president carries implications at home and abroad. That includes potentially wreaking havoc on global economies through the aggressive use of tariffs.	2024-11-01T08:11:21Z	https://www.cbc.ca/news/world/election-analysis-harris-trump-1.7374844
Canada alleges Indian home minister ordered campaign targeting Sikh separatists	The Associated Press	A Canadian official alleged Tuesday that Indian Home Minister Amit Shah ordered a campaign of violence targeting Sikh separatists in Canada.	2024-10-30T09:27:24Z	https://www.nbcnews.com/news/world/canada-says-india-home-minister-ordered-campaign-against-sikh-activist-rcna177972
Cape Breton Mi'kmaw community to receive $125M in land settlement		We'koqma'q First Nation residents will soon receive cheques following a $125-million land settlement reached with the federal government earlier this year.	2024-10-30T19:51:44Z	https://www.cbc.ca/news/canada/nova-scotia/cape-breton-mikmaw-community-125m-land-settlement-1.7368286
A looming election is stirring the political winds in Newfoundland and Labrador		The political winds have been stirred up in Newfoundland and Labrador, with the governing Liberals nearing the end of their current mandate, and the PCs eying a return to power for the first time in a decade.	2024-11-01T08:30:00Z	https://www.cbc.ca/news/canada/newfoundland-labrador/politics-furey-wakeham-1.7369436
A looming election is stirring the political winds in Newfoundland and Labrador		The political winds have been stirred up in Newfoundland and Labrador, with the governing Liberals nearing the end of their current mandate, and the PCs eying a return to power for the first time in a decade.	2024-11-01T08:30:00Z	https://www.cbc.ca/news/canada/newfoundland-labrador/politics-furey-wakeham-dinn-1.7369436
Danielle Smith's UCP leadership test: here's what history says about how safe she is		Premier likely needs 70 per cent support in her leadership review to quell internal skeptics. But that hasn't been enough for long-term survival before.	2024-11-01T08:00:26Z	https://www.cbc.ca/news/canada/calgary/ucp-leadership-review-danielle-smith-history-analysis-1.7370147
Trudeau says he thinks about how angry messages affect his family		Prime Minister Justin Trudeau said in a recent podcast that he thinks about the angry messages some Canadians send his way and what impacts they — and his job overall —  will have on his children.	2024-10-27T19:40:12Z	https://www.cbc.ca/news/politics/trudeau-angry-messages-family-1.7365077
Disgruntled Liberal MPs call for secret ballot vote on Trudeau's future		Prime Minister Justin Trudeau rebuffed calls to step aside last week — but that doesn't mean the disaffected Liberal MPs who called on him to quit have given up the fight.	2024-10-28T19:47:56Z	https://www.cbc.ca/news/politics/liberal-secret-ballot-vote-1.7365880
RCMP chief, CSIS director to testify about claims that India orchestrated crimes in Canada		Some of Canada's top security and intelligence officials are set to testify this morning about an alleged campaign to intimidate or kill Canadians — a scheme the head of the RCMP says can be traced back to the highest levels of the Indian government.	2024-10-29T08:00:00Z	https://www.cbc.ca/news/politics/india-murder-extortion-canada-csis-rcmp-1.7365853
TVO's Steve Paikin will host federal leaders' English-language election debate		Longtime TVO journalist Steve Paikin will host the English-language federal leaders' debate during the next election campaign, the independent commission responsible for planning these events said in a media statement Monday.	2024-10-28T16:00:39Z	https://www.cbc.ca/news/politics/federal-leaders-debate-next-election-1.7365529
Parties face different challenges, present different narratives as N.S. election kicks off		Nova Scotia's three main political parties will make the case to voters between now and Nov. 26 for why they should form the next government. Each has its challenges to overcome.	2024-10-28T09:00:00Z	https://www.cbc.ca/news/canada/nova-scotia/pc-tim-houston-liberal-zach-churchill-ndp-claudia-chender-1.7365008
Manitoba historian concerned residential school denialism will rise after Biden's apology in U.S.		Historian Sean Carleton says residential school denialism is a strategy used to twist, misrepresent and distort basic facts about residential schools to shake public confidence in the stories of survivors, and in the process of truth and reconciliation betwee…	2024-10-27T16:34:43Z	https://www.cbc.ca/news/canada/manitoba/canada-indigenous-residential-school-denialism-1.7364980
Canada's Trudeau facing revolt from within as popular conservative leader looks to capitalize	Chris Massaro	Justin Trudeau is looking for a historic fourth term as Canada's prime minister. With immigration on the rise, Conservative Leader Pierre Poilievre could ride the discontent to become the next prime minister.	2024-10-29T19:29:16Z	https://www.foxnews.com/world/canadas-trudeau-facing-revolt-from-within-popular-conservative-leader-looks-capitalize
Calgarians have fallen out with their mayor. Jyoti Gondek believes they just don't know her yet		She's met with past donors. She's trying to communicate more. But even supporters admit Gondek faces uphill climb to win back public's approval — if she runs again.	2024-10-27T08:00:00Z	https://www.cbc.ca/news/canada/calgary/gondek-mayor-misunderstood-analysis-1.7364640
The Speaker’s Lobby: Ghosts of the Republic	Chad Pergram	Like any other centuries-old building, the Capitol is wrought with legends of ghosts, curses, and other phantasms relegated to the Congressional catacombs.	2024-10-27T22:35:48Z	https://www.foxnews.com/politics/speakers-lobby-ghosts-republic
A defiant Trudeau says he's staying on as leader after caucus revolt		Prime Minister Justin Trudeau said Thursday he's staying on as leader even after 24 of his own MPs signed a letter calling for him to step down to try and save the party from electoral ruin.	2024-10-24T15:13:43Z	https://www.cbc.ca/news/politics/trudeau-staying-on-as-leader-1.7362000
Bloc Québécois leader has received security clearance, party confirms		Bloc Québécois Leader Yves-François Blanchet has received the necessary security clearance to review classified national security files, his party has told Radio-Canada.	2024-10-24T16:10:53Z	https://www.cbc.ca/news/politics/blanchet-poilievre-security-clearance-1.7362068
Trudeau's Liberals are trying to save the Canadian consensus on immigration — and their legacy		Reports about the death of Canada’s immigration consensus arguably have been exaggerated. But there are warning signs — both for the public’s attitude toward immigration and for the Trudeau government’s legacy.	2024-10-26T08:00:00Z	https://www.cbc.ca/news/politics/immigration-liberals-miller-trudeau-1.7364302
The next steps in Trudeau's caucus revolt are up to each MP, says Liberal backbencher		A group of Liberal MPs have demanded that Prime Minister Justin Trudeau step down as party leader by Monday and that what happens after is 'up to each individual MP,' according to one of those detractors.	2024-10-26T20:07:40Z	https://www.cbc.ca/news/politics/justin-trudeau-liberals-caucus-revolt-1.7364746
Trudeau and the Liberals are burning time on themselves that they can't afford to waste		The lesson of the 2011 federal election was that nothing about the Liberal Party’s success, or even survival, is assured. Prime Minister Justin Trudeau himself attributed that fall directly to the party’s turn inward, toward its own squabbles, disagreements a…	2024-10-24T08:00:00Z	https://www.cbc.ca/news/politics/trudeau-liberal-party-leadership-1.7361383
Could proportional representation have changed B.C.'s election results?		In the case of B.C.'s election, the results would have probably been different — especially for the Green Party.	2024-10-25T12:00:00Z	https://www.cbc.ca/news/canada/british-columbia/proportional-representation-bc-election-2024-1.7362331
Canada still an 'open country' despite immigration cuts, says minister		Immigration minister Marc Miller says Canada is still “an open country” after the Liberal government announced a new plan that would cut the projected number of newcomers.	2024-10-26T08:00:00Z	https://www.cbc.ca/news/politics/immigration-targets-permanent-residents-1.7363718
Staffing at Canada's embassy in Moscow falls to 'bare bones' level		Staffing at Canada's embassy in Moscow has dropped so low that if Canada were to expel any Russian diplomats from Canada, it could result in the embassy's closure.	2024-10-24T08:00:00Z	https://www.cbc.ca/news/politics/russia-canada-diplomats-embassy-1.7361366
RCMP says it has 'strong evidence' linking campaign of violence to the 'highest levels' of Indian government		The head of the RCMP says the Mounties have strong evidence showing the “highest levels” of the Indian government were involved in orchestrating a campaign of violence and intimidation on Canadian soil.	2024-10-25T20:13:06Z	https://www.cbc.ca/news/politics/rcmp-duheme-india-highest-levels-1.7363981
Foreign interference hearing closes with partisan jabs and policy points		Participants in a federal public inquiry are calling on Ottawa to take bolder action against foreign interference by making effective use of legal tools, closing loopholes and fostering public education.	2024-10-25T00:13:38Z	https://www.cbc.ca/news/politics/foreign-interference-public-hearing-wrap-1.7362908
Former B.C. premier Christy Clark interested in replacing Trudeau if PM steps down		As Prime Minister Justin Trudeau faces a rebellion from his own MPs in caucus this week, former B.C. premier Christy Clark is suggesting she would be interested in replacing him, should Trudeau decide to step down.	2024-10-21T08:00:00Z	https://www.cbc.ca/news/politics/christy-clark-justin-trudeau-step-down-1.7357740
Here's what Liberal MPs are saying ahead of an expected push to oust Trudeau		As rumours swirl around Parliament Hill about efforts within the Liberal caucus to urge Justin Trudeau to resign as party leader, Liberal MPs are saying publicly that it's still an internal matter for the party.	2024-10-21T22:50:28Z	https://www.cbc.ca/news/politics/trudeau-liberal-party-leadership-1.7358839
Immigration minister calls efforts to oust Trudeau 'garbage'		"Immigration Minister Marc Miller today called efforts by disaffected Liberal MPs to oust Prime Minister Justin Trudeau ""garbage"" and said it would be better for the team to pull together to take on their main opponent: Conservative Leader Pierre Poilievre."	2024-10-22T16:03:03Z	https://www.cbc.ca/news/politics/oust-trudeau-caucus-meeting-1.7359464
Disgruntled Liberal MPs are expected to confront Trudeau at party caucus meeting today		As national polls suggest the Liberal Party is headed for defeat in the next election, some disaffected Liberal MPs are expected to take the mic today at their national caucus meeting to urge Prime Minister Justin Trudeau to call it quits.	2024-10-23T08:00:38Z	https://www.cbc.ca/news/politics/liberal-caucus-meeting-trudeau-future-1.7359883
How the internal push to force Trudeau to resign played out — and what might happen next		Internal calls for Prime Minister Justin Trudeau to resign as Liberal leader were aired out behind closed doors Wednesday as Liberal MPs met on Parliament Hill. Here’s what happened behind the scenes, what MPs said after the meeting and what could happen in t…	2024-10-23T21:24:31Z	https://www.cbc.ca/news/politics/what-happened-liberal-meeting-trudeau-leadership-1.7361018
Federal government expected to announce new immigration targets this week		The federal government is expected to announce changes to immigration targets Thursday morning, according to CBC News sources.	2024-10-23T17:34:06Z	https://www.cbc.ca/news/politics/immigration-changes-announcement-1.7360827
Parliament returns amid partisan wrangling, rumblings about Trudeau's leadership		The House of Commons returns today from a week-long break, but it's unlikely to be business as usual. Members of Parliament resumed an 11th day of debate on a Conservative demand for documents about federal spending on green technology projects.	2024-10-21T15:54:24Z	https://www.cbc.ca/news/politics/parliament-returns-trudeau-leadership-1.7358186
International trade minister urges Senate to speed up study of Bloc's supply management bill		The Liberals are urging the Senate to speed up its study of the Bloc Québécois's supply management trade bill as the government's window to meet the Bloc's ultimatum starts to close.	2024-10-22T17:13:20Z	https://www.cbc.ca/news/politics/international-trade-minister-bloc-quebecois-supply-management-bill-1.7359597
Voting to topple the government not out of the question, says Liberal MP Ken McDonald		A Liberal Newfoundland and Labrador MP who has signed a letter calling on Prime Minister Justin Trudeau to resign says going against the government on a non-confidence vote isn't out of the realm of possibility.	2024-10-23T18:57:02Z	https://www.cbc.ca/news/canada/newfoundland-labrador/mcdonald-trudeau-resign-letter-1.7360951
Inside the world of Lawrence Bishnoi, the Indian gangster Canada says India is using as a proxy		The murder of a Punjabi rapper, repeated death threats against a Bollywood star and the killing of a Mumbai-based politician — all are alleged to be the work of Indian gangster Lawrence Bishnoi. Now, the RCMP is claiming the Bishnoi gang is targeting members …	2024-10-21T15:09:12Z	https://www.cbc.ca/news/world/lawrence-bishnoi-india-killing-gangster-1.7358024
Ottawa remembers reservist killed in Parliament Hill attack one decade later		Ottawa marked the 10th anniversary of the terrorist attack on Parliament Hill Tuesday — but for the family of the reservist who was killed that day, the memory is still raw.	2024-10-22T18:15:21Z	https://www.cbc.ca/news/politics/ottawa-remembers-reservist-killed-parliament-hill-attack-1.7359704
'Take your time': Trans Mountain CEO says Ottawa shouldn't rush to sell pipeline		"Trans Mountain's new CEO is calling on the federal government to be a ""disciplined seller"" and to not rush to sell the newly twinned $34 billion pipeline."	2024-10-21T20:32:32Z	https://www.cbc.ca/news/politics/trans-mountain-pipeline-maki-1.7358534
Bloc Québécois says it will end House of Commons stalemate if Liberals meet demands		Bloc Québécois Leader Yves-François Blanchet says he's willing to end the stalemate in the House of Commons and get the government's business back on track if the Liberals make progress on the Bloc's demands.	2024-10-22T22:49:52Z	https://www.cbc.ca/news/politics/bloc-house-of-commons-stalemate-demands-1.7359849
The Sask. Party has had a solid rural base for 17 years. Could health care be a disruptive force? | CBC News	Janani Whitfield	Access to rural health care has been a political football thrown back and forth between the Saskatchewan Party and the NDP, which has served as the province's Official Opposition since the Sask. Party toppled it in 2007.	2024-10-23T12:15:34Z	https://www.cbc.ca/news/canada/saskatchewan/sask-party-rural-vote-health-care-1.7358211
Immigration minister calls attempt to oust PM 'passive-aggressive ... weak'		"Immigration Minister Marc Miller said efforts of Liberals to get the prime minister to step aside is ""the most passive-aggressive"" display of questioning leadership he has ever seen."	2024-10-18T20:16:27Z	https://www.cbc.ca/news/politics/miller-passive-aggressive-oust-trudeau-1.7356544
After a week of jaw-dropping accusations, the quaint world of 2015 seems far away		The remarkable revelations and accusations of the past week — from the expulsion of six Indian diplomats on Monday to the prime minister’s challenge to the Conservatives at the foreign interference inquiry on Wednesday — underline how the world has become a m…	2024-10-19T08:00:00Z	https://www.cbc.ca/news/politics/foreign-interference-trudeau-poilievre-india-1.7356434
Concerns of 'hateful racism' after Ontario man's video of woman ranting about people from India goes viral		In 2023, Waterloo region had the highest rate of police-reported hate crimes across Canada, according to Statistics Canada. Now, a video circulating on social media appears to show a woman speaking out against people from India, driving that new data across t…	2024-10-18T08:00:00Z	https://www.cbc.ca/news/canada/kitchener-waterloo/waterloo-video-racially-charged-comments-1.7354996
Why won't Trudeau release classified names — and why won't Poilievre get a security clearance?		Prime Minister Justin Trudeau made waves Wednesday by turning what started as an examination of his government’s response to foreign interference into a pointed criticism of Conservative Leader Pierre Poilievre.	2024-10-18T08:00:00Z	https://www.cbc.ca/news/politics/trudeau-release-names-poilievre-security-clearance-1.7355350
Defence minister announces nearly $65 million in aid for Ukraine		National Defence Minister Bill Blair says Canada is sending $64.8 million in military aid to Ukraine.	2024-10-18T17:37:11Z	https://www.cbc.ca/news/politics/military-aid-ukraine-1.7356287
Foreign affairs minister says remaining Indian diplomats are 'on notice'		After her government expelled a group of Indian diplomats following the RCMP's shocking public statement tying India's government to violent crimes in Canada, Foreign Affairs Minister Mélanie Joly is warning more than a dozen Indian diplomats still in the cou…	2024-10-18T21:03:09Z	https://www.cbc.ca/news/politics/foreign-affairs-warning-indian-diplomats-canada-1.7356519
Provincial election speculation ramps up as Houston, Churchill accuse each other of lying		With speculation of an early provincial election call mounting, Liberal Leader Zach Churchill and Premier Tim Houston both suggested on Thursday that the other was a liar looking to mislead the public in the pursuit of votes.	2024-10-18T13:43:19Z	https://www.cbc.ca/news/canada/nova-scotia/tim-houston-zach-churchill-carbon-tax-election-politics-1.7355818
Winnipeg Liberal cabinet minister Dan Vandal cites age, years as service as rationale not to seek re-election		Dan Vandal says his decision not to seek a fourth term as MP for Saint Boniface-Saint Vital is due to a desire to move on from politics after 26 years of public service rather than the dim electoral prospects for the unpopular federal Liberal Party.	2024-10-18T10:00:00Z	https://www.cbc.ca/news/canada/manitoba/dan-vandal-resignation-1.7355670
Andy Fillmore projected to win Halifax's mayoral race		Former Liberal MP Andy Fillmore will be the next mayor of Halifax, CBC News projects, fending off challenges from his nearest rivals in today’s municipal election that featured a crowded field of candidates.	2024-10-19T23:31:25Z	https://www.cbc.ca/news/canada/nova-scotia/halifax-new-mayor-2024-municipal-election-results-1.7351896
India’s alleged interference in Canada was ‘a horrific mistake,’ Trudeau says	Reuters	Canadian Prime Minister Justin Trudeau said Wednesday that India had made “a horrific mistake” by allegedly interfering in Canada’s sovereignty.	2024-10-17T07:26:13Z	https://www.nbcnews.com/news/world/indias-alleged-interference-canada-was-horrific-mistake-trudeau-says-rcna175863
Liberal backbencher calls on Justin Trudeau to resign as Liberal leader		A Liberal backbencher is publicly calling on Prime Minister Justin Trudeau to step down as party leader as other MPs co-ordinate their efforts to force him out.	2024-10-15T21:00:00Z	https://www.cbc.ca/news/politics/liberal-mp-calls-on-trudeau-to-step-down-1.7352711
Five key takeaways from Prime Minister Justin Trudeau's testimony on foreign interference		Prime Minister Justin Trudeau testified at the public inquiry into foreign interference on Wednesday, shedding new light on what he knew about foreign attempts to meddle in Canadian politics and what led to his explosive claim in the House of Commons that Ind…	2024-10-16T23:32:46Z	https://www.cbc.ca/news/politics/trudeau-foreign-interference-1.7354252
Trudeau to testify as foreign interference inquiry wraps latest phase of its work		Prime Minister Justin Trudeau is slated to testify today as a federal inquiry into foreign interference finishes the latest phase of its work.	2024-10-16T11:26:52Z	https://www.cbc.ca/news/politics/trudeau-testify-foreign-interference-inquiry-1.7353342
Conservative MP Michael Chong calls PM's foreign interference testimony 'highly irresponsible'		"Conservative MP Michael Chong has accused Prime Minister Justin Trudeau of using his testimony on foreign interference as a ""smear platform"" targeting the Official Opposition."	2024-10-17T21:56:16Z	https://www.cbc.ca/news/politics/chong-trudeau-testimony-foreign-interference-1.7355391
4 more Trudeau cabinet ministers won't seek re-election: sources		Four more federal cabinet ministers will not run for re-election, Radio-Canada has learned, meaning Prime Minister Justin Trudeau will reshuffle his cabinet at a time when his leadership is increasingly fragile.	2024-10-17T14:50:03Z	https://www.cbc.ca/news/politics/trudeau-cabinet-ministers-1.7354626
RCMP made India allegations public to disrupt criminal activities, Trudeau tells inquiry		"Prime Minister Justin Trudeau says the decision to publicize the allegation that agents of the Indian government have played a role in ""widespread violence"" in Canada was made to disrupt such activities."	2024-10-16T17:28:56Z	https://www.cbc.ca/news/politics/trudeau-india-allegations-foreign-interference-inquiry-1.7353738
India denies working with mobsters to target Sikh separatists on Canadian soil		India's government on Thursday denied it was working with mobsters to target Sikh separatists in Canada as alleged publicly this week by Canadian officials in an escalating diplomatic dispute.	2024-10-17T16:51:27Z	https://www.cbc.ca/news/politics/india-denies-canadas-allegation-it-has-worked-with-mobsters-1.7354861
Canada sought to avoid diplomatic brawl with India over RCMP probe, source says		Canada attempted over the past week to avoid the kind of tit-for-tat diplomatic conflict it now finds itself engaged in with India, a senior government source told CBC News.	2024-10-15T19:56:57Z	https://www.cbc.ca/news/politics/canada-india-dispute-diplomatic-expulsion-lead-up-1.7352626
Even with new powers, CSIS says there are limits on its ability to name names		Canada's spy agency says that while it can brief more Canadians than ever before on sensitive information, it still can't share personal information — or name names — if the person receiving the briefing doesn't have the proper clearance.	2024-10-17T23:45:01Z	https://www.cbc.ca/news/politics/csis-poilievre-trudeau-briefings-foreign-interference-1.7355496
Co-operating with Canada the 'right next step,' U.K. says after latest India allegations		The British government says India should co-operate with Canada's investigation into accusations that its government has been involved in an escalating number of violent crimes in Canada.	2024-10-16T13:12:12Z	https://www.cbc.ca/news/politics/cooperation-india-canada-allegations-1.7353407
Public safety committee calls for emergency meeting on RCMP allegations against India		"Members of the federal standing committee on public safety and national security are requesting an emergency meeting to discuss ""steps that could be taken by the government to protect Canadians and our country."""	2024-10-16T15:01:20Z	https://www.cbc.ca/news/politics/public-safety-security-committee-emergency-meeting-request-india-1.7353466
Sikh groups in B.C. call for Indian consulates to be shut down in Vancouver, Toronto		The calls come after the Canadian government expelled six Indian diplomats, including the high commissioner, and the RCMP announced on Monday it had evidence of their alleged involvement in crimes including homicide and extortion targeting the so-called Khali…	2024-10-15T23:52:50Z	https://www.cbc.ca/news/canada/british-columbia/pro-khalistan-groups-indian-consulate-1.7353156
Top Mountie urges Sikh community to come forward as RCMP pushes ahead on India probe		The head of the RCMP is urging members of the Sikh community to report instances of abuse as police continue to investigate allegations linking the Indian government to a campaign of violence on Canadian soil.	2024-10-15T17:33:27Z	https://www.cbc.ca/news/politics/india-violence-alelgations-rcmp-1.7352396
Canada's accusations, tit-for-tat diplomat expulsions lead India headlines		As Canada's decision to expel New Delhi's top envoy and five other diplomats makes front page news in India, International Trade Minister Mary Ng is trying to reassure Canadian businesses with ties to the country.	2024-10-15T12:21:45Z	https://www.cbc.ca/news/politics/canada-spat-criminal-india-newspapers-1.7352229
Canada's accusations, tit-for-tat diplomat expulsions lead India headlines		Canada's decision to expel New Delhi's top envoy and five other diplomats is front-page news in India, as an analyst wonders how other countries will respond.	2024-10-15T12:21:45Z	https://www.cbc.ca/news/politics/canada-spat-over-criminal-allegations-leads-india-newspapers-1.7352229
Canada expels top India diplomats, links them to murder of Sikh leader	Reuters	Canada expelled six Indian diplomats, including the high commissioner, on Monday, linking them to the murder of a Sikh separatist leader and alleging a broader effort to target Indian dissidents in Canada.	2024-10-15T00:44:10Z	https://www.nbcnews.com/news/world/canada-expels-top-india-diplomats-links-murder-sikh-leader-rcna175414
Canada-India tensions weigh on members of Winnipeg's Sikh community		Diplomatic tensions between Canada and India have increased as police in Canada investigate what they allege is the involvement of agents of the Indian government in violence in Canada	2024-10-17T10:00:00Z	https://www.cbc.ca/news/canada/manitoba/canada-india-tensions-sukhdool-singh-gill-homicide-1.7354250
Canada-India ties could take a long time to recover	Associated Press	India and Canada have expelled each other's top diplomats over the 2023 assassination of Sikh activist Hardeep Singh Nijjar and allegations of other crimes.	2024-10-15T19:59:17Z	https://www.foxnews.com/world/canada-india-ties-take-long-time-recover
Canada to reduce immigration as Trudeau acknowledges his policy failed...	ap news		2024-10-24T19:00:06Z	https://apnews.com/article/canada-immigration-reduction-trudeau-dabd4a6248929285f90a5e95aeb06763
